Date,Close/Last,Volume,Open,High,Low
01/07/2026,$16.97,465402,$17.11,$17.20,$16.97
01/06/2026,$17.07,534892,$16.64,$17.11,$16.62
01/05/2026,$16.92,1470046,$16.57,$16.98,$16.57
01/02/2026,$16.34,577298,$16.48,$16.49,$16.08
12/31/2025,$15.97,232100,$15.80,$16.105,$15.80
12/30/2025,$16.10,314691,$16.14,$16.22,$16.10
12/29/2025,$16.14,538370,$16.20,$16.2675,$16.09
12/26/2025,$16.08,490341,$16.15,$16.15,$15.75
12/24/2025,$16.09,181742,$16.29,$16.29,$15.81
12/23/2025,$16.02,329396,$16.10,$16.12,$15.97
12/22/2025,$16.13,620027,$16.10,$16.18,$16.07
12/19/2025,$16.04,524007,$16.07,$16.145,$16.04
12/18/2025,$15.93,733534,$16.15,$16.21,$15.915
12/17/2025,$15.48,699229,$15.65,$15.77,$15.48
12/16/2025,$15.83,829137,$15.90,$15.92,$15.73
12/15/2025,$15.79,813970,$15.83,$15.89,$15.72
12/12/2025,$15.59,724360,$15.67,$15.73,$15.55
12/11/2025,$15.62,604508,$15.54,$15.66,$15.5125
12/10/2025,$15.58,1002828,$15.22,$15.60,$15.22
12/09/2025,$15.21,592116,$15.40,$15.47,$15.19
12/08/2025,$15.46,662609,$15.69,$15.70,$15.44
12/05/2025,$15.67,1078259,$15.48,$15.73,$15.45
12/04/2025,$15.41,630968,$15.76,$15.81,$15.38
12/03/2025,$15.89,1082829,$15.94,$16.03,$15.7201
12/02/2025,$16.00,1273114,$15.52,$16.29,$15.51
12/01/2025,$15.56,571911,$15.48,$15.663,$15.48
11/28/2025,$15.52,229538,$15.37,$15.55,$15.33
11/26/2025,$15.45,353895,$15.38,$15.49,$15.342
11/25/2025,$15.34,620744,$15.10,$15.36,$15.04
11/24/2025,$15.08,636987,$15.12,$15.2099,$15.01
11/21/2025,$15.02,686511,$14.72,$15.11,$14.69
11/20/2025,$14.75,1282415,$15.32,$15.37,$14.73
11/19/2025,$15.25,712641,$15.32,$15.59,$15.18
11/18/2025,$15.27,1181134,$15.46,$15.54,$15.17
11/17/2025,$15.72,748076,$15.69,$15.88,$15.65
11/14/2025,$16.28,414517,$16.11,$16.35,$16.11
11/13/2025,$16.41,378901,$16.75,$16.83,$16.33
11/12/2025,$16.92,1029218,$16.73,$16.95,$16.73
11/11/2025,$16.95,1958494,$16.71,$17.09,$16.66
11/10/2025,$15.71,1018308,$15.61,$15.74,$15.56
11/07/2025,$15.57,514641,$15.51,$15.61,$15.37
11/06/2025,$15.73,421919,$15.94,$15.94,$15.69
11/05/2025,$16.14,3338217,$16.07,$16.19,$16.03
11/04/2025,$16.07,478572,$16.12,$16.1999,$16.02
11/03/2025,$16.51,768685,$16.86,$16.93,$16.44
10/31/2025,$17.17,423585,$17.08,$17.28,$17.06
10/30/2025,$17.45,890823,$17.15,$17.54,$17.15
10/29/2025,$17.55,878210,$18.22,$18.338,$17.46
10/28/2025,$16.87,855897,$17.22,$17.30,$16.71
10/27/2025,$17.53,426188,$17.52,$17.60,$17.40
10/24/2025,$17.57,639032,$17.50,$17.62,$17.46
10/23/2025,$17.44,1171236,$17.13,$17.45,$17.106
10/22/2025,$17.26,511387,$17.36,$17.38,$17.14
10/21/2025,$17.11,264593,$16.88,$17.47,$16.88
10/20/2025,$17.07,479928,$16.88,$17.08,$16.81
10/17/2025,$17.06,750202,$16.90,$17.08,$16.78
10/16/2025,$16.93,1035735,$17.02,$17.085,$16.86
10/15/2025,$16.92,299311,$16.93,$16.98,$16.7445
10/14/2025,$17.03,3584234,$16.70,$17.07,$16.6601
10/13/2025,$17.01,2454603,$16.99,$17.11,$16.98
10/10/2025,$16.85,3464466,$17.42,$17.42,$16.85
10/09/2025,$17.18,1867033,$17.36,$17.36,$17.14
10/08/2025,$17.34,2696133,$17.29,$17.40,$17.26
10/07/2025,$17.14,1781554,$17.29,$17.3375,$17.13
10/06/2025,$17.27,2206477,$17.18,$17.34,$17.10
10/03/2025,$16.89,319749,$16.94,$16.96,$16.83
10/02/2025,$17.04,3145917,$16.89,$17.08,$16.79
10/01/2025,$16.03,1295782,$15.97,$16.11,$15.89
09/30/2025,$15.99,480613,$16.06,$16.06,$15.89
09/29/2025,$15.94,702100,$15.96,$16.05,$15.92
09/26/2025,$15.76,476549,$15.86,$15.93,$15.75
09/25/2025,$16.07,9433615,$15.96,$16.11,$15.96
09/24/2025,$16.17,1949198,$16.05,$16.27,$16.03
09/23/2025,$16.10,315375,$16.32,$16.35,$16.08
09/22/2025,$16.23,414499,$16.16,$16.26,$16.118
09/19/2025,$16.21,287351,$16.10,$16.22,$16.07
09/18/2025,$16.41,574360,$16.25,$16.46,$16.17
09/17/2025,$16.29,1143424,$16.02,$16.49,$16.008
09/16/2025,$15.64,374089,$15.71,$15.75,$15.56
09/15/2025,$15.81,1446950,$15.87,$15.89,$15.75
09/12/2025,$15.78,419346,$15.88,$15.885,$15.66
09/11/2025,$15.96,866307,$15.87,$15.97,$15.8533
09/10/2025,$15.88,443436,$16.07,$16.14,$15.85
09/09/2025,$16.40,365446,$16.48,$16.54,$16.37
09/08/2025,$16.24,844170,$16.24,$16.34,$16.20
09/05/2025,$16.22,868980,$16.21,$16.33,$16.12
09/04/2025,$16.14,1324344,$16.05,$16.2175,$15.90
09/03/2025,$16.26,265367,$16.20,$16.28,$16.16
09/02/2025,$16.13,344788,$16.15,$16.19,$15.98
08/29/2025,$16.78,591985,$16.79,$16.84,$16.71
08/28/2025,$16.81,379925,$16.77,$16.84,$16.71
08/27/2025,$16.70,220606,$16.68,$16.74,$16.609
08/26/2025,$16.71,596665,$16.71,$16.81,$16.59
08/25/2025,$17.06,352746,$17.15,$17.33,$17.03
08/22/2025,$17.24,545285,$16.93,$17.35,$16.92
08/21/2025,$16.76,914219,$16.81,$16.84,$16.66
08/20/2025,$16.95,1530595,$16.93,$16.99,$16.75
08/19/2025,$16.79,524796,$16.85,$16.96,$16.75
08/18/2025,$16.72,544686,$16.59,$16.79,$16.5501
08/15/2025,$16.31,454303,$16.06,$16.34,$16.03
08/14/2025,$16.28,2728213,$15.50,$16.302,$15.44
08/13/2025,$17.21,618869,$16.99,$17.22,$16.99
08/12/2025,$17.09,452599,$16.89,$17.09,$16.84
08/11/2025,$17.32,300266,$17.35,$17.42,$17.24
08/08/2025,$17.39,438020,$17.31,$17.44,$17.24
08/07/2025,$17.691,664433,$17.67,$17.81,$17.54
08/06/2025,$17.32,594971,$17.17,$17.34,$17.07
08/05/2025,$16.75,642800,$17.11,$17.13,$16.686
08/04/2025,$16.81,359757,$16.66,$16.85,$16.66
08/01/2025,$16.82,895529,$16.82,$16.84,$16.59
07/31/2025,$17.20,548884,$17.27,$17.365,$17.16
07/30/2025,$17.42,322406,$17.41,$17.61,$17.30
07/29/2025,$17.65,445224,$18.03,$18.05,$17.56
07/28/2025,$18.25,1145438,$18.39,$18.42,$18.22
07/25/2025,$18.32,219689,$17.97,$18.34,$17.90
07/24/2025,$18.04,892888,$17.90,$18.13,$17.875
07/23/2025,$18.30,586811,$17.95,$18.37,$17.75
07/22/2025,$18.16,696770,$18.17,$18.18,$17.92
07/21/2025,$18.11,735510,$18.08,$18.27,$18.00
07/18/2025,$18.11,2520682,$18.05,$18.114,$17.98
07/17/2025,$18.03,1741662,$17.86,$18.03,$17.84
07/16/2025,$17.85,1200745,$17.69,$17.89,$17.49
07/15/2025,$17.48,1019835,$17.74,$17.74,$17.48
07/14/2025,$17.63,364454,$17.26,$17.65,$17.26
07/11/2025,$17.65,637235,$17.78,$17.78,$17.56
07/10/2025,$17.69,404813,$17.97,$18.00,$17.585
07/09/2025,$18.48,287540,$18.41,$18.53,$18.345
07/08/2025,$18.34,366334,$18.25,$18.39,$18.185
07/07/2025,$18.17,303492,$17.97,$18.325,$17.97
07/03/2025,$18.00,192819,$17.99,$18.09,$17.95
07/02/2025,$18.01,2336242,$17.91,$18.0499,$17.90
07/01/2025,$18.02,410535,$18.13,$18.2425,$17.94
06/30/2025,$18.31,254129,$18.22,$18.38,$18.105
06/27/2025,$18.38,502123,$18.26,$18.49,$18.20
06/26/2025,$17.97,616709,$18.40,$18.40,$17.79
06/25/2025,$18.36,391924,$18.39,$18.42,$18.20
06/24/2025,$18.575,429476,$18.43,$18.64,$18.20
06/23/2025,$17.96,370689,$17.52,$17.96,$17.52
06/20/2025,$17.54,482357,$17.75,$17.77,$17.477
06/18/2025,$18.29,418571,$18.54,$18.69,$18.26
06/17/2025,$19.21,268320,$19.50,$19.51,$19.16
06/16/2025,$19.404,1497564,$19.43,$19.64,$19.36
06/13/2025,$18.97,311897,$18.80,$19.16,$18.78
06/12/2025,$19.66,216992,$19.69,$19.75,$19.57
06/11/2025,$19.64,844257,$19.80,$19.83,$19.59
06/10/2025,$19.88,553034,$19.86,$19.94,$19.79
06/09/2025,$19.41,303677,$19.42,$19.52,$19.355
06/06/2025,$19.61,630918,$19.47,$19.72,$19.445
06/05/2025,$19.288,235632,$19.17,$19.49,$19.1175
06/04/2025,$19.14,267186,$19.17,$19.31,$19.03
06/03/2025,$18.99,363503,$18.92,$19.04,$18.823
06/02/2025,$19.05,247947,$18.57,$19.05,$18.51
05/30/2025,$19.15,227408,$19.07,$19.19,$18.93
05/29/2025,$19.005,313451,$18.97,$19.07,$18.89
05/28/2025,$18.23,337367,$18.22,$18.27,$18.15
05/27/2025,$18.34,393163,$18.37,$18.443,$18.285
05/23/2025,$18.00,182075,$17.75,$18.06,$17.75
05/22/2025,$18.09,1552564,$18.01,$18.22,$17.96
05/21/2025,$18.11,841477,$18.30,$18.42,$18.10
05/20/2025,$18.29,264748,$18.39,$18.395,$18.15
05/19/2025,$18.658,315461,$18.39,$18.67,$18.39
05/16/2025,$18.34,256408,$18.30,$18.343,$18.15
05/15/2025,$18.14,268111,$18.25,$18.26,$17.99
05/14/2025,$18.39,1446210,$18.63,$18.67,$18.32
05/13/2025,$18.7975,717237,$18.50,$18.93,$18.50
05/12/2025,$18.44,1823954,$18.41,$18.48,$18.10
05/09/2025,$17.81,429596,$17.86,$17.90,$17.7501
05/08/2025,$17.59,462963,$17.69,$17.71,$17.535
05/07/2025,$17.32,334677,$17.18,$17.41,$17.18
05/06/2025,$16.76,604163,$16.53,$16.83,$16.53
05/05/2025,$16.67,643908,$16.60,$16.79,$16.59
05/02/2025,$16.60,694300,$16.45,$16.67,$16.45
05/01/2025,$16.21,282714,$15.80,$16.38,$15.80
04/30/2025,$16.13,408946,$15.56,$16.16,$15.47
04/29/2025,$16.52,333451,$16.55,$16.60,$16.35
04/28/2025,$16.46,395536,$16.10,$16.46,$16.10
04/25/2025,$16.67,561466,$16.59,$16.72,$16.57
04/24/2025,$16.77,1552104,$16.66,$16.86,$16.579
04/23/2025,$16.63,692656,$16.72,$16.8275,$16.54
04/22/2025,$16.20,306713,$15.96,$16.31,$15.96
04/21/2025,$15.71,523918,$16.36,$16.36,$15.55
04/17/2025,$15.88,611795,$16.01,$16.04,$15.72
04/16/2025,$16.07,495461,$16.04,$16.39,$15.94
04/15/2025,$16.23,1504112,$16.06,$16.40,$16.03
04/14/2025,$15.94,746145,$15.81,$16.125,$15.653
04/11/2025,$15.45,852874,$15.01,$15.51,$14.98
04/10/2025,$15.24,1105200,$15.36,$15.40,$14.70
04/09/2025,$16.01,1168116,$14.05,$16.065,$14.02
04/08/2025,$13.69,1061257,$14.45,$14.465,$13.49
04/07/2025,$13.54,1994616,$13.18,$14.53,$13.14
04/04/2025,$13.54,1604825,$13.68,$13.89,$13.315
04/03/2025,$14.31,1201371,$14.75,$14.80,$14.28
04/02/2025,$15.44,306323,$15.19,$15.49,$15.17
04/01/2025,$15.26,532259,$15.18,$15.30,$15.11
03/31/2025,$15.27,374539,$15.26,$15.31,$15.02
03/28/2025,$15.63,326535,$15.63,$15.78,$15.48
03/27/2025,$15.58,719421,$15.60,$15.78,$15.54
03/26/2025,$15.73,373951,$15.85,$16.00,$15.70
03/25/2025,$16.20,408878,$16.32,$16.34,$16.0875
03/24/2025,$16.26,250111,$16.13,$16.37,$16.13
03/21/2025,$16.54,452386,$16.42,$16.61,$16.356
03/20/2025,$16.87,433935,$16.67,$16.965,$16.67
03/19/2025,$16.895,694500,$16.59,$16.98,$16.44
03/18/2025,$16.57,521446,$16.60,$16.64,$16.419
03/17/2025,$16.61,520859,$16.26,$16.63,$16.23
03/14/2025,$16.50,561377,$16.15,$16.61,$16.145
03/13/2025,$16.14,692370,$16.37,$16.44,$16.09
03/12/2025,$16.75,945849,$16.81,$16.86,$16.5001
03/11/2025,$16.55,1687640,$16.52,$16.77,$16.30
03/10/2025,$16.55,1002311,$17.06,$17.09,$16.41
03/07/2025,$17.44,410495,$17.44,$17.48,$17.15
03/06/2025,$17.68,622610,$17.95,$18.225,$17.64
03/05/2025,$18.585,504790,$18.33,$18.66,$18.2825
03/04/2025,$18.10,452084,$17.78,$18.43,$17.70
03/03/2025,$18.00,244944,$18.19,$18.352,$17.84
02/28/2025,$18.02,853526,$17.81,$18.19,$17.7375
02/27/2025,$17.41,1564666,$17.64,$17.66,$17.38
02/26/2025,$17.93,1553442,$18.13,$18.19,$17.82
02/25/2025,$18.15,382098,$18.49,$18.50,$18.00
02/24/2025,$18.34,773932,$18.35,$18.55,$18.21
02/21/2025,$18.44,357057,$18.74,$18.79,$18.39
02/20/2025,$18.84,580497,$19.03,$19.06,$18.79
02/19/2025,$19.14,612562,$19.06,$19.19,$18.96
02/18/2025,$19.23,499751,$19.37,$19.39,$19.19
02/14/2025,$19.13,632993,$19.14,$19.31,$19.11
02/13/2025,$18.58,1224914,$18.69,$18.80,$18.39
02/12/2025,$16.38,435863,$16.12,$16.50,$16.06
02/11/2025,$16.00,327747,$15.99,$16.05,$15.90
02/10/2025,$15.90,252402,$15.84,$15.94,$15.80
02/07/2025,$15.97,198885,$16.13,$16.25,$15.93
02/06/2025,$16.38,230081,$16.31,$16.44,$16.26
02/05/2025,$16.67,320752,$16.62,$16.68,$16.50
02/04/2025,$16.48,265952,$16.42,$16.565,$16.38
02/03/2025,$15.89,343735,$15.58,$16.03,$15.575
01/31/2025,$16.07,380775,$16.29,$16.35,$16.06
01/30/2025,$16.28,410036,$16.26,$16.39,$16.18
01/29/2025,$15.72,210667,$15.73,$15.80,$15.66
01/28/2025,$16.20,1505444,$16.20,$16.30,$16.06
01/27/2025,$15.67,1779492,$15.73,$15.87,$15.64
01/24/2025,$15.85,317730,$15.77,$15.95,$15.76
01/23/2025,$15.76,439504,$15.67,$15.79,$15.62
01/22/2025,$15.57,1155250,$15.57,$15.692,$15.56
01/21/2025,$15.60,869613,$15.40,$15.60,$15.29
01/17/2025,$15.29,671744,$15.35,$15.3999,$15.24
01/16/2025,$15.31,1591908,$15.27,$15.35,$15.165
01/15/2025,$15.09,709872,$15.10,$15.19,$15.00
01/14/2025,$14.71,384712,$14.77,$14.79,$14.62
01/13/2025,$14.24,416230,$14.21,$14.30,$14.09
01/10/2025,$15.08,291883,$15.05,$15.21,$14.912
01/08/2025,$15.19,240748,$15.08,$15.22,$15.05
01/07/2025,$15.19,261510,$15.49,$15.49,$15.15
01/06/2025,$15.20,360721,$15.03,$15.42,$15.03
01/03/2025,$14.78,319434,$14.77,$14.83,$14.71
01/02/2025,$14.46,383855,$14.56,$14.64,$14.42
12/31/2024,$14.66,245333,$14.64,$14.85,$14.57
12/30/2024,$14.68,497166,$14.73,$14.76,$14.59
12/27/2024,$14.87,404986,$15.02,$15.027,$14.81
12/26/2024,$14.975,273680,$14.81,$15.03,$14.81
12/24/2024,$14.93,203742,$14.41,$14.96,$14.41
12/23/2024,$14.87,628072,$14.71,$14.88,$14.58
12/20/2024,$14.94,471812,$14.82,$15.05,$14.77
12/19/2024,$14.86,695688,$15.07,$15.10,$14.86
12/18/2024,$15.11,480903,$15.70,$15.769,$15.11
12/17/2024,$15.70,1026437,$15.62,$15.84,$15.62
12/16/2024,$15.71,461925,$15.69,$15.7899,$15.61
12/13/2024,$15.58,348841,$15.70,$15.73,$15.54
12/12/2024,$15.70,336047,$15.70,$15.78,$15.65
12/11/2024,$15.71,463890,$15.81,$15.91,$15.69
12/10/2024,$15.58,394928,$15.80,$15.81,$15.58
12/09/2024,$15.76,523332,$16.00,$16.12,$15.73
12/06/2024,$15.72,336754,$15.62,$15.75,$15.62
12/05/2024,$15.52,322473,$15.37,$15.62,$15.37
12/04/2024,$15.08,519213,$14.95,$15.15,$14.95
12/03/2024,$14.68,425676,$14.56,$14.74,$14.54
12/02/2024,$14.85,400717,$14.62,$14.86,$14.61
11/29/2024,$14.52,143955,$14.41,$14.54,$14.37
11/27/2024,$14.59,420389,$14.64,$14.67,$14.46
11/26/2024,$14.46,581350,$14.17,$14.48,$14.16
11/25/2024,$13.80,555387,$13.74,$13.94,$13.55
11/22/2024,$13.40,504895,$13.485,$13.59,$13.31
11/21/2024,$13.18,917362,$12.96,$13.224,$12.935
11/20/2024,$12.81,388905,$12.78,$12.84,$12.675
11/19/2024,$12.98,479356,$12.76,$13.01,$12.76
11/18/2024,$12.99,440640,$12.86,$13.09,$12.85
11/15/2024,$12.94,673627,$13.01,$13.115,$12.90
11/14/2024,$13.30,427404,$13.38,$13.48,$13.30
11/13/2024,$13.47,513956,$13.27,$13.47,$13.17
11/12/2024,$13.45,1151411,$13.72,$13.75,$13.35
11/11/2024,$13.78,552707,$13.78,$13.85,$13.70
11/08/2024,$13.66,1305390,$13.81,$13.81,$13.455
11/07/2024,$14.44,740327,$13.86,$14.52,$13.77
11/06/2024,$14.77,1222017,$14.88,$14.893,$14.58
11/05/2024,$15.27,382205,$15.06,$15.34,$15.06
11/04/2024,$15.15,329492,$15.19,$15.26,$15.11
11/01/2024,$15.23,233391,$15.165,$15.30,$15.15
10/31/2024,$15.30,452212,$15.32,$15.34,$15.11
10/30/2024,$15.22,564531,$15.36,$15.61,$15.22
10/29/2024,$15.75,284614,$15.63,$15.78,$15.58
10/28/2024,$15.71,332033,$15.55,$15.73,$15.51
10/25/2024,$15.22,250918,$15.28,$15.38,$15.17
10/24/2024,$15.37,193091,$15.36,$15.42,$15.28
10/23/2024,$15.21,367990,$15.36,$15.43,$15.13
10/22/2024,$15.37,293823,$15.24,$15.41,$15.24
10/21/2024,$15.40,334087,$15.43,$15.48,$15.24
10/18/2024,$15.40,354201,$15.18,$15.45,$15.11
10/17/2024,$15.02,385528,$15.07,$15.09,$14.92
10/16/2024,$14.84,249144,$14.90,$14.97,$14.80
10/15/2024,$14.89,748440,$15.17,$15.19,$14.80
10/14/2024,$15.01,3790445,$14.99,$15.11,$14.98
10/11/2024,$14.80,1470829,$14.88,$14.93,$14.79
10/10/2024,$14.91,2233790,$14.89,$14.92,$14.71
10/09/2024,$15.19,1531353,$15.09,$15.28,$15.09
10/08/2024,$15.11,789394,$14.97,$15.14,$14.9643
10/07/2024,$14.73,1000029,$14.81,$14.86,$14.70
10/04/2024,$14.82,277564,$14.76,$14.88,$14.645
10/03/2024,$14.90,210367,$14.81,$14.92,$14.75
10/02/2024,$15.04,418868,$14.87,$15.06,$14.83
10/01/2024,$15.10,348346,$15.30,$15.30,$14.88
09/30/2024,$15.63,1710691,$15.67,$15.75,$15.52
09/27/2024,$15.62,1434938,$15.41,$15.73,$15.40
09/26/2024,$15.54,265671,$15.63,$15.68,$15.48
09/25/2024,$14.93,402683,$15.20,$15.20,$14.88
09/24/2024,$15.34,1805880,$15.12,$15.36,$15.12
09/23/2024,$15.35,1627114,$15.31,$15.43,$15.2475
09/20/2024,$15.40,230842,$15.55,$15.56,$15.321
09/19/2024,$15.46,471199,$15.36,$15.56,$15.22
09/18/2024,$14.63,283137,$14.73,$14.95,$14.61
09/17/2024,$14.71,483100,$14.64,$14.80,$14.613
09/16/2024,$14.34,655762,$14.44,$14.45,$14.13
09/13/2024,$14.44,1219448,$14.48,$14.55,$14.40
09/12/2024,$14.43,803345,$14.26,$14.49,$14.253
09/11/2024,$14.55,341337,$14.18,$14.59,$14.06
09/10/2024,$14.37,458515,$14.28,$14.40,$14.15
09/09/2024,$14.35,414118,$14.22,$14.40,$14.22
09/06/2024,$13.86,290202,$14.32,$14.45,$13.83
09/05/2024,$14.08,406612,$13.94,$14.1134,$13.94
09/04/2024,$14.24,164828,$14.15,$14.315,$14.13
09/03/2024,$14.18,403231,$14.44,$14.49,$14.11
08/30/2024,$14.73,332782,$14.64,$14.75,$14.60
08/29/2024,$14.70,296158,$14.65,$14.86,$14.64
08/28/2024,$14.65,153073,$14.77,$14.85,$14.56
08/27/2024,$14.65,217415,$14.50,$14.67,$14.50
08/26/2024,$14.61,257020,$14.68,$14.75,$14.58
08/23/2024,$14.82,491164,$14.73,$14.92,$14.66
08/22/2024,$14.597,498968,$14.76,$14.81,$14.59
08/21/2024,$14.59,226297,$14.50,$14.64,$14.47
08/20/2024,$14.36,197608,$14.52,$14.55,$14.275
08/19/2024,$14.57,550270,$14.42,$14.57,$14.38
08/16/2024,$14.29,344867,$14.12,$14.31,$14.09
08/15/2024,$13.96,909818,$14.01,$14.10,$13.79
08/14/2024,$12.46,505186,$12.58,$12.61,$12.39
08/13/2024,$12.55,607792,$12.14,$12.55,$12.14
08/12/2024,$11.96,369535,$11.98,$12.00,$11.89
08/09/2024,$11.84,663486,$11.60,$11.89,$11.56
08/08/2024,$11.66,650155,$11.47,$11.70,$11.408
08/07/2024,$11.24,612020,$11.48,$11.56,$11.19
08/06/2024,$11.24,1158516,$11.21,$11.36,$11.14
08/05/2024,$11.23,1521671,$10.83,$11.34,$10.78
08/02/2024,$11.51,1141130,$11.37,$11.53,$11.19
08/01/2024,$11.76,494527,$11.99,$12.055,$11.67
07/31/2024,$12.20,298291,$12.29,$12.32,$12.13
07/30/2024,$12.06,551872,$11.95,$12.13,$11.9101
07/29/2024,$11.50,875139,$11.49,$11.62,$11.42
07/26/2024,$11.77,454323,$11.66,$11.83,$11.628
07/25/2024,$11.33,498021,$11.33,$11.50,$11.265
07/24/2024,$11.51,475857,$11.75,$11.85,$11.51
07/23/2024,$11.94,725887,$12.03,$12.0799,$11.93
07/22/2024,$12.405,549779,$12.37,$12.42,$12.22
07/19/2024,$12.09,459357,$12.05,$12.18,$11.98
07/18/2024,$12.43,629066,$12.70,$12.73,$12.365
07/17/2024,$12.28,385184,$12.34,$12.45,$12.25
07/16/2024,$12.32,364216,$12.25,$12.34,$12.18
07/15/2024,$12.30,485471,$12.58,$12.58,$12.26
07/12/2024,$12.57,311369,$12.35,$12.61,$12.35
07/11/2024,$12.13,341751,$12.33,$12.36,$12.09
07/10/2024,$12.27,777936,$12.19,$12.28,$12.186
07/09/2024,$11.92,491180,$11.89,$11.98,$11.86
07/08/2024,$11.89,542609,$12.11,$12.14,$11.87
07/05/2024,$12.30,375085,$12.45,$12.45,$12.23
07/03/2024,$12.32,211077,$12.30,$12.34,$12.18
07/02/2024,$12.01,727510,$11.87,$12.04,$11.79
07/01/2024,$11.93,419775,$12.17,$12.19,$11.85
06/28/2024,$11.87,343822,$11.91,$11.988,$11.81
06/27/2024,$12.05,334158,$12.08,$12.19,$11.97
06/26/2024,$12.10,321191,$11.99,$12.1774,$11.96
06/25/2024,$12.29,912547,$12.04,$12.29,$12.0266
06/24/2024,$12.13,798479,$12.18,$12.24,$12.10
06/21/2024,$12.08,450058,$12.13,$12.15,$12.01
06/20/2024,$12.32,398294,$12.20,$12.45,$12.16
06/18/2024,$12.69,1044290,$12.78,$12.85,$12.65
06/17/2024,$12.99,394218,$12.86,$13.03,$12.78
06/14/2024,$12.81,467327,$12.75,$12.86,$12.73
06/13/2024,$13.01,686877,$13.17,$13.19,$12.904
06/12/2024,$13.35,480324,$13.45,$13.58,$13.32
06/11/2024,$12.85,616012,$12.85,$12.8775,$12.73
06/10/2024,$13.10,471533,$13.15,$13.17,$13.04
06/07/2024,$13.21,312799,$13.30,$13.33,$13.19
06/06/2024,$13.38,197255,$13.35,$13.40,$13.30
06/05/2024,$13.49,301818,$13.35,$13.53,$13.27
06/04/2024,$12.88,246608,$12.88,$12.99,$12.79
06/03/2024,$12.82,395600,$12.85,$12.9051,$12.715
05/31/2024,$12.89,421837,$12.96,$12.97,$12.71
05/30/2024,$12.82,317939,$12.92,$12.95,$12.80
05/29/2024,$12.60,538077,$12.66,$12.775,$12.60
05/28/2024,$13.06,593062,$13.07,$13.16,$13.00
05/24/2024,$13.14,385338,$13.02,$13.20,$12.93
05/23/2024,$12.77,550186,$12.99,$13.04,$12.70
05/22/2024,$13.06,362186,$13.15,$13.19,$13.01
05/21/2024,$13.24,418285,$13.24,$13.29,$13.15
05/20/2024,$13.43,402517,$13.47,$13.52,$13.38
05/17/2024,$13.41,378104,$13.55,$13.61,$13.36
05/16/2024,$13.75,291601,$13.89,$13.95,$13.75
05/15/2024,$13.88,368474,$13.92,$13.94,$13.78
05/14/2024,$13.60,250228,$13.67,$13.69,$13.54
05/13/2024,$13.49,259759,$13.47,$13.652,$13.4601
05/10/2024,$13.42,225639,$13.29,$13.445,$13.29
05/09/2024,$13.18,350491,$13.09,$13.23,$13.09
05/08/2024,$12.96,610544,$13.02,$13.07,$12.93
05/07/2024,$13.01,365415,$13.00,$13.10,$12.98
05/06/2024,$12.65,429378,$12.60,$12.70,$12.58
05/03/2024,$12.43,548007,$12.50,$12.522,$12.37
05/02/2024,$12.11,845547,$11.85,$12.19,$11.765
05/01/2024,$11.76,546781,$11.94,$12.08,$11.69
04/30/2024,$11.94,1144266,$12.12,$12.152,$11.92
04/29/2024,$12.30,1072081,$12.16,$12.37,$12.125
04/26/2024,$12.57,4815569,$12.53,$12.93,$12.51
04/25/2024,$12.77,3524020,$12.97,$12.98,$12.22
04/24/2024,$15.10,387408,$15.24,$15.28,$15.02
04/23/2024,$15.02,363964,$14.76,$15.11,$14.75
04/22/2024,$14.73,322787,$14.67,$14.85,$14.66
04/19/2024,$14.78,430821,$14.90,$14.942,$14.61
04/18/2024,$15.14,474237,$15.28,$15.38,$15.10
04/17/2024,$15.20,306673,$15.3999,$15.3999,$15.14
04/16/2024,$15.15,350458,$15.09,$15.28,$15.00
04/15/2024,$15.10,378432,$15.40,$15.435,$15.08
04/12/2024,$14.971,524019,$15.19,$15.24,$14.94
04/11/2024,$15.83,515636,$15.74,$15.83,$15.49
04/10/2024,$15.55,540835,$15.58,$15.89,$15.46
04/09/2024,$15.98,301134,$16.25,$16.32,$15.90
04/08/2024,$16.20,380759,$16.29,$16.39,$16.20
04/05/2024,$16.12,804104,$15.98,$16.18,$15.92
04/04/2024,$16.40,811463,$16.82,$16.87,$16.32
04/03/2024,$16.73,354300,$16.73,$16.91,$16.70
04/02/2024,$16.90,2147886,$16.57,$16.90,$16.52
04/01/2024,$17.175,739277,$16.93,$17.27,$16.74
03/28/2024,$16.91,281241,$16.95,$17.00,$16.81
03/27/2024,$16.965,2162881,$16.97,$17.09,$16.92
03/26/2024,$16.52,3796898,$16.43,$16.78,$16.43
03/25/2024,$16.35,2065004,$16.08,$16.465,$16.08
03/22/2024,$16.19,1476975,$16.11,$16.27,$16.10
03/21/2024,$16.23,1140536,$16.21,$16.32,$16.20
03/20/2024,$16.14,2671128,$15.91,$16.15,$15.71
03/19/2024,$15.59,1566648,$15.63,$15.79,$15.50
03/18/2024,$15.59,736269,$15.82,$15.85,$15.59
03/15/2024,$15.83,1956963,$15.75,$15.88,$15.7201
03/14/2024,$15.73,1548319,$15.97,$16.02,$15.66
03/13/2024,$15.98,2594475,$16.05,$16.10,$15.93
03/12/2024,$16.21,273789,$16.11,$16.24,$15.952
03/11/2024,$16.10,258051,$16.08,$16.2092,$16.00
03/08/2024,$16.00,473101,$16.27,$16.30,$16.00
03/07/2024,$16.44,521414,$16.42,$16.45,$16.298
03/06/2024,$15.86,334948,$15.87,$15.9399,$15.80
03/05/2024,$15.40,715338,$15.64,$15.66,$15.38
03/04/2024,$15.63,454433,$15.73,$15.77,$15.63
03/01/2024,$15.87,421500,$15.87,$15.98,$15.71
02/29/2024,$15.80,344014,$15.70,$15.81,$15.64
02/28/2024,$15.65,341677,$15.72,$15.75,$15.60
02/27/2024,$15.80,402817,$15.77,$15.88,$15.68
02/26/2024,$15.75,339726,$15.81,$15.82,$15.70
02/23/2024,$15.86,280378,$15.93,$15.955,$15.78
02/22/2024,$15.83,450523,$15.84,$15.941,$15.74
02/21/2024,$15.54,1068067,$15.60,$15.70,$15.45
02/20/2024,$15.99,714507,$16.04,$16.09,$15.88
02/16/2024,$16.05,484986,$16.09,$16.23,$16.04
02/15/2024,$15.96,632289,$15.73,$15.98,$15.73
02/14/2024,$15.60,396066,$15.43,$15.61,$15.39
02/13/2024,$15.27,434208,$15.23,$15.47,$15.1503
02/12/2024,$16.10,493775,$16.07,$16.20,$16.03
02/09/2024,$15.95,926447,$16.03,$16.09,$15.77
02/08/2024,$15.37,1892429,$15.26,$15.54,$14.93
02/07/2024,$12.75,1028950,$12.64,$12.81,$12.57
02/06/2024,$12.81,1630491,$12.58,$12.85,$12.58
02/05/2024,$12.925,404914,$12.84,$12.97,$12.78
02/02/2024,$12.95,258000,$12.89,$12.98,$12.84
02/01/2024,$13.03,681414,$12.92,$13.045,$12.85
01/31/2024,$12.54,534231,$12.74,$12.78,$12.5201
01/30/2024,$12.75,530502,$12.81,$12.85,$12.68
01/29/2024,$12.72,804025,$12.51,$12.75,$12.48
01/26/2024,$12.56,471962,$12.40,$12.60,$12.37
01/25/2024,$12.32,616671,$12.55,$12.57,$12.29
01/24/2024,$12.74,638930,$13.04,$13.06,$12.72
01/23/2024,$12.65,476371,$12.42,$12.65,$12.3586
01/22/2024,$12.43,612600,$12.71,$12.75,$12.42
01/19/2024,$12.41,1147785,$12.22,$12.42,$12.14
01/18/2024,$12.51,947116,$12.36,$12.55,$12.30
01/17/2024,$12.45,496732,$12.48,$12.5375,$12.30
01/16/2024,$12.85,919934,$12.89,$13.02,$12.81
01/12/2024,$13.06,512035,$13.34,$13.37,$13.01
01/11/2024,$12.86,453017,$12.83,$12.93,$12.6163
01/10/2024,$12.60,595263,$12.60,$12.651,$12.52
01/09/2024,$12.54,821730,$12.49,$12.55,$12.44
01/08/2024,$12.57,2464664,$12.41,$12.58,$12.41
01/05/2024,$12.10,3392967,$12.16,$12.37,$12.05
01/04/2024,$12.17,719794,$12.10,$12.30,$12.09
01/03/2024,$12.35,481212,$12.33,$12.39,$12.25
01/02/2024,$12.56,1048134,$12.55,$12.69,$12.48
12/29/2023,$12.88,567201,$12.94,$12.97,$12.81
12/28/2023,$12.87,1461202,$12.84,$12.91,$12.78
12/27/2023,$13.08,604362,$13.02,$13.15,$13.01
12/26/2023,$12.93,859664,$12.62,$13.00,$12.62
12/22/2023,$12.83,646006,$12.77,$12.865,$12.76
12/21/2023,$12.85,948415,$12.79,$12.85,$12.67
12/20/2023,$12.57,502786,$12.74,$12.84,$12.55
12/19/2023,$12.94,515718,$12.97,$13.04,$12.89
12/18/2023,$12.88,1116351,$12.88,$12.91,$12.75
12/15/2023,$12.92,1465637,$12.89,$13.06,$12.88
12/14/2023,$12.98,1512748,$13.02,$13.036,$12.61
12/13/2023,$13.05,847865,$12.94,$13.14,$12.72
12/12/2023,$13.01,753639,$12.88,$13.01,$12.84
12/11/2023,$13.07,1234955,$12.91,$13.10,$12.91
12/08/2023,$12.74,1123477,$12.79,$12.90,$12.65
12/07/2023,$12.41,746296,$12.42,$12.465,$12.32
12/06/2023,$12.27,1405445,$12.42,$12.47,$12.22
12/05/2023,$12.15,1123997,$12.16,$12.31,$12.13
12/04/2023,$12.14,1544322,$11.92,$12.15,$11.91
12/01/2023,$11.79,787433,$11.63,$11.81,$11.60
11/30/2023,$11.64,1039994,$11.67,$11.685,$11.56
11/29/2023,$11.88,779138,$12.00,$12.07,$11.86
11/28/2023,$11.89,805276,$11.86,$11.94,$11.82
11/27/2023,$11.90,947662,$11.87,$11.94,$11.84
11/24/2023,$11.73,452431,$11.73,$11.81,$11.70
11/22/2023,$11.48,944248,$11.50,$11.53,$11.39
11/21/2023,$11.37,1286256,$11.49,$11.51,$11.33
11/20/2023,$11.37,1063882,$11.30,$11.38,$11.26
11/17/2023,$11.31,730698,$11.25,$11.34,$11.20
11/16/2023,$11.02,1553037,$11.07,$11.10,$10.90
11/15/2023,$10.98,2037033,$11.06,$11.09,$10.98
11/14/2023,$11.28,2225811,$11.16,$11.35,$11.12
11/13/2023,$10.57,2569535,$10.31,$10.60,$10.25
11/10/2023,$10.02,1524464,$9.89,$10.06,$9.86
11/09/2023,$10.05,4446637,$9.94,$10.28,$9.88
11/08/2023,$9.60,11781550,$7.36,$9.80,$7.34
11/07/2023,$7.15,1576294,$7.16,$7.19,$7.075
11/06/2023,$7.27,1014078,$7.39,$7.43,$7.25
11/03/2023,$7.56,1300897,$7.57,$7.65,$7.54
11/02/2023,$7.085,872074,$7.24,$7.28,$6.985
11/01/2023,$6.87,720511,$6.81,$6.88,$6.75
10/31/2023,$6.69,1892903,$6.63,$6.71,$6.60
10/30/2023,$6.69,1282855,$6.64,$6.72,$6.60
10/27/2023,$6.65,3408594,$6.95,$6.97,$6.64
10/26/2023,$6.98,2205012,$6.98,$7.06,$6.92
10/25/2023,$6.71,2011688,$6.69,$6.82,$6.56
10/24/2023,$7.305,1320768,$7.21,$7.31,$7.21
10/23/2023,$7.18,1463990,$7.05,$7.26,$7.03
10/20/2023,$7.19,1577076,$7.21,$7.2598,$7.15
10/19/2023,$7.31,1732387,$7.31,$7.43,$7.26
10/18/2023,$7.28,1464509,$7.40,$7.42,$7.26
10/17/2023,$7.58,1234407,$7.34,$7.65,$7.31
10/16/2023,$7.65,3070948,$7.52,$7.66,$7.48
10/13/2023,$7.52,3188457,$7.70,$7.71,$7.49
10/12/2023,$7.84,3328323,$7.82,$7.9579,$7.78
10/11/2023,$7.915,2072629,$7.88,$7.93,$7.80
10/10/2023,$7.72,5478165,$7.61,$7.81,$7.61
10/09/2023,$7.48,3024363,$7.51,$7.52,$7.37
10/06/2023,$7.84,5918952,$7.59,$7.86,$7.57
10/05/2023,$7.48,816960,$7.52,$7.54,$7.40
10/04/2023,$7.38,1026506,$7.38,$7.411,$7.271
10/03/2023,$7.23,982968,$7.26,$7.28,$7.18
10/02/2023,$7.32,1576249,$7.35,$7.42,$7.27
09/29/2023,$7.40,1047750,$7.37,$7.465,$7.36
09/28/2023,$7.09,1506030,$6.99,$7.11,$6.98
09/27/2023,$7.08,1314424,$7.06,$7.11,$6.95
09/26/2023,$6.80,1040970,$6.80,$6.85,$6.77
09/25/2023,$6.80,1762116,$6.71,$6.81,$6.68
09/22/2023,$6.84,2417963,$6.83,$6.91,$6.79
09/21/2023,$6.60,2851708,$6.62,$6.69,$6.55
09/20/2023,$6.97,1725829,$7.08,$7.18,$6.95
09/19/2023,$6.88,3666921,$7.05,$7.07,$6.85
09/18/2023,$7.125,2834843,$7.30,$7.35,$7.12
09/15/2023,$7.58,3599289,$7.63,$7.66,$7.55
09/14/2023,$7.48,1718865,$7.37,$7.50,$7.31
09/13/2023,$7.41,3230688,$7.41,$7.50,$7.37
09/12/2023,$7.52,3977964,$7.45,$7.60,$7.45
09/11/2023,$7.68,6245627,$7.70,$7.76,$7.65
09/08/2023,$7.84,4740432,$7.86,$7.89,$7.82
09/07/2023,$7.92,5841915,$8.02,$8.06,$7.89
09/06/2023,$8.10,3560229,$8.25,$8.27,$8.09
09/05/2023,$8.30,965979,$8.34,$8.60,$8.27
09/01/2023,$8.36,1861155,$8.31,$8.38,$8.25
08/31/2023,$8.33,1675358,$8.40,$8.43,$8.28
08/30/2023,$8.34,1273892,$8.34,$8.39,$8.30
08/29/2023,$8.39,2468932,$8.25,$8.40,$8.25
08/28/2023,$8.47,4538793,$8.46,$8.52,$8.3779
08/25/2023,$8.28,3429714,$8.29,$8.33,$8.16
08/24/2023,$8.20,7727065,$8.29,$8.335,$8.16
08/23/2023,$8.63,12749070,$8.69,$8.75,$8.53
08/22/2023,$8.49,6959012,$8.56,$8.59,$8.41
08/21/2023,$8.71,10169720,$9.06,$9.07,$8.60
08/18/2023,$9.60,9411892,$9.24,$9.65,$9.195
08/17/2023,$9.86,12306060,$11.16,$11.31,$9.50
08/16/2023,$15.52,2284627,$15.80,$16.09,$15.46
08/15/2023,$16.12,1256024,$16.64,$16.64,$16.10
08/14/2023,$16.89,484972,$16.71,$16.99,$16.63
08/11/2023,$17.00,396692,$17.03,$17.19,$16.94
08/10/2023,$17.49,1992987,$17.55,$17.71,$17.414
08/09/2023,$17.11,1575369,$17.11,$17.21,$17.0475
08/08/2023,$17.12,2395748,$16.97,$17.15,$16.895
08/07/2023,$17.27,1386976,$17.36,$17.39,$17.2101
08/04/2023,$17.21,1815912,$17.23,$17.47,$17.08
08/03/2023,$17.11,3419499,$16.99,$17.15,$16.93
08/02/2023,$17.56,1356128,$17.75,$17.75,$17.45
08/01/2023,$18.27,2167756,$18.05,$18.31,$17.895
07/31/2023,$18.51,2053304,$18.48,$18.69,$18.47
07/28/2023,$18.14,4552050,$17.88,$18.49,$17.88
07/27/2023,$17.40,7092813,$17.69,$17.73,$17.32
07/26/2023,$17.07,4799464,$17.00,$17.25,$16.957
07/25/2023,$17.13,1529773,$17.06,$17.19,$17.04
07/24/2023,$17.36,4039905,$17.40,$17.43,$17.30
07/21/2023,$17.11,2505364,$17.195,$17.23,$17.02
07/20/2023,$17.25,3601577,$17.44,$17.484,$17.20
07/19/2023,$17.43,5979700,$17.44,$17.512,$17.38
07/18/2023,$17.42,1948733,$17.35,$17.46,$17.22
07/17/2023,$17.41,4121589,$17.42,$17.44,$17.30
07/14/2023,$17.47,2114660,$17.69,$17.76,$17.42
07/13/2023,$17.50,2892476,$17.12,$17.52,$17.12
07/12/2023,$16.90,969021,$16.98,$17.00,$16.7775
07/11/2023,$16.50,2444765,$16.37,$16.57,$16.3099
07/10/2023,$16.17,414420,$15.99,$16.21,$15.99
07/07/2023,$16.02,880910,$15.97,$16.07,$15.86
07/06/2023,$16.03,841711,$16.09,$16.09,$15.81
07/05/2023,$16.55,305099,$16.50,$16.59,$16.44
07/03/2023,$17.15,322448,$17.17,$17.263,$17.1101
06/30/2023,$17.29,387287,$17.08,$17.35,$17.08
06/29/2023,$17.01,485223,$16.87,$17.07,$16.87
06/28/2023,$17.39,482233,$17.35,$17.515,$17.32
06/27/2023,$17.11,323371,$16.82,$17.14,$16.82
06/26/2023,$16.76,236520,$16.81,$16.93,$16.7525
06/23/2023,$16.76,2670361,$16.69,$16.82,$16.65
06/22/2023,$17.06,2717410,$16.79,$17.09,$16.75
06/21/2023,$16.66,1209357,$16.78,$16.85,$16.58
06/20/2023,$16.80,644820,$16.72,$16.87,$16.62
06/16/2023,$17.19,326700,$17.42,$17.43,$17.19
06/15/2023,$17.74,306343,$17.56,$17.80,$17.515
06/14/2023,$17.53,470964,$17.62,$17.636,$17.38
06/13/2023,$17.22,279324,$17.4283,$17.4283,$17.17
06/12/2023,$17.11,438094,$17.02,$17.12,$16.944
06/09/2023,$16.89,258058,$17.02,$17.08,$16.87
06/08/2023,$17.06,219517,$16.87,$17.08,$16.85
06/07/2023,$16.99,304621,$17.07,$17.22,$16.95
06/06/2023,$16.95,297793,$16.81,$16.95,$16.8016
06/05/2023,$16.82,390971,$16.79,$16.937,$16.77
06/02/2023,$16.98,323098,$16.83,$17.021,$16.7475
06/01/2023,$16.68,296466,$16.49,$16.74,$16.40
05/31/2023,$16.36,286846,$16.36,$16.63,$16.22
05/30/2023,$16.19,392555,$16.28,$16.34,$16.11
05/26/2023,$16.41,243104,$16.06,$16.50,$16.06
05/25/2023,$16.03,262287,$16.09,$16.10,$15.86
05/24/2023,$15.61,257750,$15.77,$15.782,$15.5401
05/23/2023,$15.99,778633,$16.17,$16.24,$15.99
05/22/2023,$16.51,399586,$16.04,$16.5675,$16.03
05/19/2023,$15.69,385106,$15.62,$15.74,$15.58
05/18/2023,$15.36,375068,$15.29,$15.37,$15.18
05/17/2023,$15.39,257213,$15.33,$15.45,$15.18
05/16/2023,$15.31,277564,$15.43,$15.48,$15.31
05/15/2023,$15.68,350530,$15.42,$15.71,$15.37
05/12/2023,$15.47,535144,$15.82,$15.84,$15.4301
05/11/2023,$15.88,203381,$15.75,$15.895,$15.61
05/10/2023,$15.31,390242,$15.51,$15.55,$15.20
05/09/2023,$15.48,234514,$15.42,$15.5185,$15.355
05/08/2023,$15.88,312211,$15.83,$15.90,$15.78
05/05/2023,$15.81,262319,$15.53,$15.875,$15.49
05/04/2023,$15.39,222711,$15.13,$15.47,$15.10
05/03/2023,$15.4499,305050,$15.78,$15.7801,$15.42
05/02/2023,$15.73,278084,$15.76,$15.895,$15.51
05/01/2023,$15.92,446337,$15.94,$16.07,$15.88
04/28/2023,$16.00,633469,$15.85,$16.04,$15.70
04/27/2023,$16.08,889385,$15.80,$16.14,$15.72
04/26/2023,$15.54,245118,$15.53,$15.75,$15.51
04/25/2023,$15.42,195054,$15.72,$15.74,$15.41
04/24/2023,$15.94,671198,$16.04,$16.04,$15.8501
04/21/2023,$15.87,301516,$15.63,$15.88,$15.61
04/20/2023,$15.64,304809,$15.66,$15.77,$15.58
04/19/2023,$15.90,193108,$15.90,$15.9799,$15.8875
04/18/2023,$16.10,144807,$15.99,$16.10,$15.93
04/17/2023,$15.88,262236,$15.90,$15.94,$15.79
04/14/2023,$15.88,229957,$15.929,$15.96,$15.79
04/13/2023,$16.13,483076,$15.85,$16.18,$15.83
04/12/2023,$15.74,612222,$16.08,$16.20,$15.74
04/11/2023,$15.63,269227,$15.59,$15.67,$15.53
04/10/2023,$15.53,273303,$15.15,$15.53,$15.03
04/06/2023,$15.54,247345,$15.39,$15.60,$15.30
04/05/2023,$15.56,376767,$15.57,$15.66,$15.49
04/04/2023,$15.72,338788,$15.74,$15.835,$15.64
04/03/2023,$15.46,270243,$15.56,$15.605,$15.28
03/31/2023,$15.84,310764,$15.80,$15.94,$15.78
03/30/2023,$15.60,383786,$15.54,$15.64,$15.44
03/29/2023,$15.22,235190,$15.29,$15.40,$15.08
03/28/2023,$14.82,567352,$15.05,$15.06,$14.71
03/27/2023,$15.40,298049,$15.47,$15.57,$15.33
03/24/2023,$15.37,1485134,$14.93,$15.42,$14.765
03/23/2023,$15.63,2193829,$15.45,$15.90,$15.42
03/22/2023,$15.19,1543537,$15.30,$15.65,$15.18
03/21/2023,$15.43,1883568,$15.27,$15.47,$15.04
03/20/2023,$15.16,2187970,$15.03,$15.24,$14.90
03/17/2023,$14.81,4680540,$14.82,$15.00,$14.63
03/16/2023,$15.335,2136008,$14.52,$15.36,$14.44
03/15/2023,$14.78,12485060,$14.23,$14.78,$14.20
03/14/2023,$14.565,794619,$14.66,$14.70,$14.35
03/13/2023,$13.99,601794,$13.72,$14.11,$13.62
03/10/2023,$13.84,459954,$14.14,$14.20,$13.78
03/09/2023,$14.13,447736,$14.34,$14.62,$14.11
03/08/2023,$14.41,598953,$14.15,$14.44,$14.11
03/07/2023,$14.49,639299,$14.68,$14.75,$14.39
03/06/2023,$14.93,342697,$14.83,$15.07,$14.80
03/03/2023,$15.07,1615260,$14.91,$15.08,$14.71
03/02/2023,$14.44,629122,$14.14,$14.46,$14.13
03/01/2023,$14.10,448101,$14.26,$14.29,$13.9885
02/28/2023,$14.18,381890,$14.17,$14.38,$14.13
02/27/2023,$14.17,873695,$14.41,$14.41,$14.10
02/24/2023,$13.95,477776,$14.10,$14.15,$13.88
02/23/2023,$14.78,415550,$14.94,$14.99,$14.57
02/22/2023,$14.82,383366,$14.97,$15.06,$14.75
02/21/2023,$15.24,845071,$15.35,$15.56,$15.20
02/17/2023,$15.70,513822,$15.42,$15.77,$15.37
02/16/2023,$15.40,2661528,$15.43,$15.68,$15.40
02/15/2023,$15.23,735734,$14.89,$15.25,$14.86
02/14/2023,$14.78,633598,$14.66,$15.05,$14.56
02/13/2023,$14.53,2665948,$14.44,$14.53,$14.38
02/10/2023,$14.17,1840732,$14.19,$14.21,$14.00
02/09/2023,$14.22,3016437,$14.32,$14.57,$14.21
02/08/2023,$13.97,1973418,$13.79,$14.16,$13.61
02/07/2023,$16.50,490898,$16.03,$16.565,$15.92
02/06/2023,$16.46,518787,$16.65,$16.74,$16.39
02/03/2023,$17.21,504130,$17.02,$17.68,$17.00
02/02/2023,$17.70,768451,$17.34,$17.85,$17.02
02/01/2023,$16.04,574251,$15.67,$16.12,$15.49
01/31/2023,$15.04,531285,$14.75,$15.04,$14.75
01/30/2023,$14.82,812910,$14.78,$14.94,$14.73
01/27/2023,$14.93,770287,$14.55,$15.051,$14.55
01/26/2023,$14.74,361957,$14.93,$14.96,$14.57
01/25/2023,$14.39,313117,$14.15,$14.42,$13.97
01/24/2023,$14.64,439446,$14.50,$14.79,$14.50
01/23/2023,$14.96,802182,$14.39,$14.96,$14.33
01/20/2023,$14.57,720384,$14.14,$14.57,$14.09
01/19/2023,$14.15,736007,$14.41,$14.48,$14.04
01/18/2023,$14.90,495601,$15.62,$15.71,$14.88
01/17/2023,$14.97,1017825,$14.85,$15.13,$14.71
01/13/2023,$14.88,967016,$14.37,$14.90,$14.37
01/12/2023,$14.2925,614252,$14.32,$14.35,$13.95
01/11/2023,$14.01,452774,$13.91,$14.03,$13.8425
01/10/2023,$14.45,439898,$14.55,$14.70,$14.29
01/09/2023,$14.37,1729579,$14.24,$14.58,$14.24
01/06/2023,$13.91,735161,$13.39,$14.01,$13.09
01/05/2023,$13.50,740960,$13.88,$13.88,$13.40
01/04/2023,$14.01,477727,$14.00,$14.1099,$13.84
01/03/2023,$13.8002,863066,$14.10,$14.16,$13.69
12/30/2022,$13.80,778447,$13.76,$13.90,$13.67
12/29/2022,$14.02,550981,$13.87,$14.08,$13.82
12/28/2022,$13.52,617729,$13.76,$13.82,$13.49
12/27/2022,$13.68,920709,$13.77,$13.86,$13.64
12/23/2022,$13.77,1243116,$13.69,$13.86,$13.625
12/22/2022,$13.70,1124133,$13.84,$13.84,$13.46
12/21/2022,$14.08,911062,$13.85,$14.17,$13.80
12/20/2022,$13.91,796526,$13.92,$14.15,$13.87
12/19/2022,$14.09,1246360,$14.25,$14.2699,$13.94
12/16/2022,$14.525,720276,$14.81,$14.93,$14.40
12/15/2022,$14.46,894883,$15.03,$15.0801,$14.45
12/14/2022,$15.83,827860,$15.97,$16.04,$15.67
12/13/2022,$15.72,932444,$16.48,$16.55,$15.65
12/12/2022,$15.23,1104982,$14.91,$15.29,$14.90
12/09/2022,$14.75,813553,$14.73,$14.85,$14.66
12/08/2022,$14.82,892737,$14.56,$14.89,$14.39
12/07/2022,$14.55,1025169,$14.66,$14.821,$14.54
12/06/2022,$14.53,713626,$14.85,$14.87,$14.45
12/05/2022,$15.055,1100942,$15.33,$15.43,$15.00
12/02/2022,$15.54,572363,$15.48,$15.64,$15.44
12/01/2022,$15.77,633550,$15.86,$15.96,$15.54
11/30/2022,$15.595,856785,$15.02,$15.63,$14.92
11/29/2022,$14.74,550202,$14.58,$14.90,$14.50
11/28/2022,$15.09,697109,$15.34,$15.53,$15.06
11/25/2022,$15.50,513083,$15.35,$15.59,$15.33
11/23/2022,$15.37,835968,$15.15,$15.38,$15.07
11/22/2022,$15.32,696995,$15.27,$15.41,$15.12
11/21/2022,$15.52,950596,$15.47,$15.71,$15.3525
11/18/2022,$15.70,547019,$15.80,$15.82,$15.46
11/17/2022,$15.39,951798,$14.99,$15.435,$14.97
11/16/2022,$15.41,684885,$15.89,$15.95,$15.38
11/15/2022,$16.075,1478440,$16.27,$16.35,$15.71
11/14/2022,$15.92,1475521,$16.06,$16.5077,$15.80
11/11/2022,$16.73,635784,$16.40,$16.79,$16.20
11/10/2022,$15.43,990974,$14.48,$15.43,$14.48
11/09/2022,$13.01,663219,$13.36,$13.42,$13.00
11/08/2022,$13.04,1660567,$12.86,$13.3325,$12.77
11/07/2022,$12.76,1621028,$12.79,$12.8001,$12.481
11/04/2022,$12.93,1642251,$12.83,$13.0825,$12.59
11/03/2022,$12.79,1100763,$12.83,$13.20,$12.595
11/02/2022,$13.689,837303,$14.17,$14.39,$13.68
11/01/2022,$14.109,692608,$14.33,$14.34,$14.03
10/31/2022,$14.37,852916,$14.25,$14.4699,$14.082
10/28/2022,$14.47,595119,$14.107,$14.47,$13.98
10/27/2022,$14.32,635995,$14.54,$14.69,$14.295
10/26/2022,$14.51,367926,$14.20,$14.80,$14.13
10/25/2022,$14.27,983221,$13.71,$14.35,$13.70
10/24/2022,$13.375,925109,$13.35,$13.50,$13.06
10/21/2022,$13.06,1411108,$13.13,$13.36,$12.84
10/20/2022,$13.11,552172,$13.0401,$13.4025,$13.00
10/19/2022,$12.82,466135,$12.93,$13.10,$12.71
10/18/2022,$13.365,673251,$13.82,$13.88,$13.22
10/17/2022,$13.29,847596,$13.19,$13.42,$13.18
10/14/2022,$12.25,818339,$12.94,$13.11,$12.25
10/13/2022,$12.45,1138346,$11.58,$12.61,$11.53
10/12/2022,$12.24,513639,$12.12,$12.3787,$12.0799
10/11/2022,$12.10,1087103,$12.36,$12.44,$12.05
10/10/2022,$12.27,824656,$12.73,$12.76,$12.17
10/07/2022,$12.74,733524,$12.865,$12.99,$12.575
10/06/2022,$13.61,864018,$13.79,$13.945,$13.60
10/05/2022,$13.75,626437,$13.77,$13.92,$13.53
10/04/2022,$13.88,1072523,$13.57,$13.97,$13.57
10/03/2022,$12.91,992380,$12.69,$13.00,$12.5699
09/30/2022,$12.52,971561,$12.22,$12.77,$12.165
09/29/2022,$12.07,898885,$12.09,$12.15,$11.905
09/28/2022,$12.41,1001671,$11.95,$12.45,$11.87
09/27/2022,$12.17,1784116,$12.43,$12.53,$12.00
09/26/2022,$12.04,1050516,$12.39,$12.5165,$12.00
09/23/2022,$12.19,1424732,$12.36,$12.44,$12.05
09/22/2022,$12.50,1071687,$12.65,$12.66,$12.39
09/21/2022,$12.65,1455310,$12.753,$13.11,$12.65
09/20/2022,$12.68,1400349,$12.71,$12.78,$12.47
09/19/2022,$13.12,1019036,$12.95,$13.20,$12.95
09/16/2022,$13.19,811027,$13.15,$13.40,$13.07
09/15/2022,$13.77,2135343,$13.77,$14.17,$13.7201
09/14/2022,$14.19,987699,$14.17,$14.21,$13.94
09/13/2022,$13.80,1582302,$14.26,$14.35,$13.76
09/12/2022,$15.385,967054,$15.17,$15.47,$15.12
09/09/2022,$14.99,821224,$14.77,$15.01,$14.72
09/08/2022,$14.61,1196355,$14.44,$14.69,$14.19
09/07/2022,$15.11,518877,$14.53,$15.12,$14.52
09/06/2022,$14.66,1064986,$14.80,$14.8699,$14.4364
09/02/2022,$14.675,1280736,$15.29,$15.3099,$14.55
09/01/2022,$14.97,682318,$14.97,$15.02,$14.71
08/31/2022,$15.51,596226,$15.93,$15.93,$15.49
08/30/2022,$15.74,351048,$16.11,$16.22,$15.55
08/29/2022,$15.83,540742,$15.84,$16.08,$15.75
08/26/2022,$15.76,625004,$17.00,$17.01,$15.75
08/25/2022,$16.81,679179,$16.53,$16.82,$16.44
08/24/2022,$16.545,738025,$16.25,$16.67,$16.24
08/23/2022,$15.75,416546,$15.81,$16.06,$15.65
08/22/2022,$15.90,1266641,$16.00,$16.135,$15.80
08/19/2022,$16.22,2777996,$16.41,$16.48,$16.08
08/18/2022,$17.85,1748454,$16.61,$17.97,$16.43
08/17/2022,$18.51,480583,$18.33,$18.68,$18.22
08/16/2022,$18.36,452603,$18.23,$18.40,$17.97
08/15/2022,$18.94,1344162,$18.85,$19.09,$18.77
08/12/2022,$19.20,1252889,$18.92,$19.21,$18.72
08/11/2022,$19.08,504614,$19.42,$19.44,$18.97
08/10/2022,$19.10,456143,$18.90,$19.20,$18.84
08/09/2022,$18.24,1076549,$18.49,$18.54,$18.20
08/08/2022,$18.56,3586080,$18.35,$18.65,$18.35
08/05/2022,$17.96,1576389,$17.65,$18.17,$17.63
08/04/2022,$18.69,1676771,$18.32,$18.75,$18.32
08/03/2022,$18.29,404737,$17.83,$18.32,$17.81
08/02/2022,$17.84,533374,$17.92,$18.11,$17.77
08/01/2022,$18.11,749663,$17.72,$18.25,$17.59
07/29/2022,$18.02,741040,$17.72,$18.05,$17.60
07/28/2022,$17.56,838193,$17.17,$17.65,$16.99
07/27/2022,$17.20,792610,$16.63,$17.29,$16.63
07/26/2022,$15.76,535982,$16.13,$16.16,$15.70
07/25/2022,$17.00,818662,$16.98,$17.10,$16.755
07/22/2022,$16.56,403144,$16.91,$17.02,$16.405
07/21/2022,$17.07,745149,$16.73,$17.13,$16.69
07/20/2022,$16.33,1074716,$16.13,$16.50,$16.06
07/19/2022,$16.27,747411,$15.94,$16.28,$15.8725
07/18/2022,$15.67,1463929,$15.56,$15.84,$15.51
07/15/2022,$15.26,947402,$14.96,$15.33,$14.795
07/14/2022,$14.34,2838021,$14.19,$14.35,$13.78
07/13/2022,$14.47,1330812,$13.93,$14.60,$13.91
07/12/2022,$14.66,1675527,$14.61,$14.99,$14.52
07/11/2022,$14.795,4238953,$14.80,$14.96,$14.60
07/08/2022,$14.94,1473541,$14.51,$15.02,$14.42
07/07/2022,$14.90,1428999,$14.51,$14.92,$14.44
07/06/2022,$15.01,2288388,$14.89,$15.12,$14.73
07/05/2022,$14.10,1853419,$13.54,$14.121,$13.44
07/01/2022,$14.83,1587478,$14.26,$14.84,$14.18
06/30/2022,$14.61,13240560,$14.54,$14.70,$14.193
06/29/2022,$14.59,806398,$14.66,$14.86,$14.495
06/28/2022,$14.50,778036,$14.80,$14.98,$14.50
06/27/2022,$14.91,857479,$15.03,$15.07,$14.755
06/24/2022,$15.00,537280,$14.54,$15.05,$14.54
06/23/2022,$14.03,2116882,$13.70,$14.14,$13.54
06/22/2022,$13.765,1006174,$13.45,$14.09,$13.41
06/21/2022,$13.37,768067,$13.14,$13.48,$13.12
06/17/2022,$13.12,1543661,$12.69,$13.17,$12.67
06/16/2022,$12.37,935967,$12.38,$12.60,$12.17
06/15/2022,$12.52,1048462,$12.42,$12.70,$12.21
06/14/2022,$12.04,2148990,$12.58,$12.59,$11.90
06/13/2022,$12.73,1665835,$12.90,$13.08,$12.65
06/10/2022,$14.03,1030865,$14.58,$14.58,$13.93
06/09/2022,$14.79,458802,$15.22,$15.3599,$14.76
06/08/2022,$15.43,485187,$15.46,$15.60,$15.37
06/07/2022,$15.71,630094,$15.27,$15.75,$15.15
06/06/2022,$16.01,531287,$15.82,$16.29,$15.805
06/03/2022,$15.52,470369,$15.81,$15.83,$15.38
06/02/2022,$16.13,1334699,$15.39,$16.17,$15.3675
06/01/2022,$15.43,719706,$15.56,$15.73,$15.22
05/31/2022,$15.48,1020487,$15.51,$15.68,$15.23
05/27/2022,$16.20,554908,$15.90,$16.26,$15.86
05/26/2022,$15.735,421131,$15.15,$15.80,$15.14
05/25/2022,$15.04,643184,$14.36,$15.15,$14.33
05/24/2022,$14.80,605830,$15.08,$15.10,$14.68
05/23/2022,$15.65,680968,$15.62,$15.78,$15.36
05/20/2022,$15.49,533980,$15.75,$15.78,$15.12
05/19/2022,$15.271,1118036,$14.71,$15.52,$14.68
05/18/2022,$14.43,1122489,$14.78,$15.00,$14.39
05/17/2022,$15.56,1106542,$15.80,$15.83,$15.20
05/16/2022,$15.45,2093282,$15.56,$15.77,$15.35
05/13/2022,$15.39,1252599,$14.83,$15.52,$14.79
05/12/2022,$14.10,1879312,$13.50,$14.575,$13.29
05/11/2022,$13.83,1030126,$14.19,$14.59,$13.71
05/10/2022,$14.58,1366040,$15.27,$15.35,$14.33
05/09/2022,$14.61,2304017,$15.12,$15.2099,$14.54
05/06/2022,$15.05,2800002,$15.11,$15.24,$14.66
05/05/2022,$15.49,951338,$16.37,$16.56,$15.38
05/04/2022,$17.055,763904,$16.79,$17.10,$16.29
05/03/2022,$16.55,984278,$16.70,$16.78,$16.40
05/02/2022,$16.85,848265,$16.36,$16.894,$16.34
04/29/2022,$16.67,768617,$17.07,$17.405,$16.6592
04/28/2022,$17.67,863509,$17.40,$17.77,$17.10
04/27/2022,$16.96,651949,$16.73,$17.1825,$16.72
04/26/2022,$16.53,1055037,$17.17,$17.335,$16.51
04/25/2022,$17.60,1302016,$17.22,$17.65,$17.17
04/22/2022,$17.52,1197820,$18.19,$18.35,$17.50
04/21/2022,$18.63,1985808,$18.85,$18.99,$18.39
04/20/2022,$18.55,703710,$18.77,$18.79,$18.38
04/19/2022,$18.17,1077633,$17.50,$18.1895,$17.4801
04/18/2022,$18.03,606592,$18.33,$18.33,$17.90
04/14/2022,$18.06,429303,$18.45,$18.52,$18.05
04/13/2022,$18.32,663138,$17.86,$18.33,$17.7815
04/12/2022,$18.07,618593,$18.42,$18.61,$17.99
04/11/2022,$17.54,587753,$17.66,$17.78,$17.45
04/08/2022,$18.50,425293,$18.55,$18.73,$18.32
04/07/2022,$18.99,464877,$19.00,$19.18,$18.77
04/06/2022,$18.69,524366,$18.92,$19.04,$18.60
04/05/2022,$20.02,394200,$20.49,$20.52,$19.9201
04/04/2022,$20.49,316193,$19.97,$20.58,$19.91
04/01/2022,$19.92,229740,$19.78,$19.98,$19.71
03/31/2022,$19.77,443630,$20.54,$20.58,$19.74
03/30/2022,$21.05,428437,$21.33,$21.34,$20.98
03/29/2022,$21.41,521019,$21.42,$21.545,$20.932
03/28/2022,$19.71,433084,$19.79,$20.08,$19.315
03/25/2022,$20.41,467691,$20.96,$20.98,$20.17
03/24/2022,$20.27,439619,$20.02,$20.33,$19.76
03/23/2022,$19.85,536747,$19.84,$19.9899,$19.60
03/22/2022,$20.60,657094,$19.72,$20.65,$19.69
03/21/2022,$19.99,1207124,$20.19,$20.19,$19.77
03/18/2022,$20.55,721485,$19.39,$20.59,$19.35
03/17/2022,$20.07,636368,$19.43,$20.15,$19.40
03/16/2022,$19.90,562838,$19.00,$19.90,$18.99
03/15/2022,$18.52,1102164,$18.21,$18.6299,$17.99
03/14/2022,$17.72,750584,$17.70,$18.12,$17.57
03/11/2022,$16.89,846787,$17.73,$17.75,$16.83
03/10/2022,$16.86,1524716,$17.12,$17.41,$16.68
03/09/2022,$17.77,1794812,$17.20,$18.07,$16.92
03/08/2022,$15.87,2853928,$15.47,$16.63,$15.06
03/07/2022,$15.73,1623413,$16.79,$16.82,$15.55
03/04/2022,$17.55,776298,$17.94,$18.06,$17.16
03/03/2022,$18.63,677870,$19.57,$19.62,$18.41
03/02/2022,$19.73,621207,$19.85,$19.85,$19.34
03/01/2022,$19.77,785240,$20.17,$20.54,$19.53
02/28/2022,$20.71,900924,$20.29,$21.15,$20.28
02/25/2022,$20.60,659344,$20.22,$20.65,$19.86
02/24/2022,$20.86,730504,$18.82,$21.03,$18.79
02/23/2022,$19.94,526982,$20.79,$20.825,$19.90
02/22/2022,$20.80,603051,$20.72,$21.18,$20.5425
02/18/2022,$20.67,416653,$20.99,$21.06,$20.53
02/17/2022,$21.70,936934,$22.10,$22.11,$21.60
02/16/2022,$23.36,2729899,$23.04,$23.41,$22.74
02/15/2022,$22.54,1239594,$21.99,$22.57,$21.92
02/14/2022,$21.1499,374577,$20.74,$21.35,$20.60
02/11/2022,$20.72,460263,$21.50,$21.57,$20.51
02/10/2022,$20.65,623184,$20.82,$21.715,$20.50
02/09/2022,$21.66,623823,$21.94,$21.98,$21.31
02/08/2022,$19.34,534251,$18.49,$19.59,$18.422
02/07/2022,$19.36,365678,$19.20,$19.55,$19.14
02/04/2022,$19.14,349943,$18.62,$19.32,$18.50
02/03/2022,$18.275,588946,$18.84,$19.10,$18.22
02/02/2022,$20.22,349208,$20.53,$20.56,$19.91
02/01/2022,$20.61,575802,$20.61,$20.62,$20.01
01/31/2022,$20.32,619784,$19.50,$20.39,$19.49
01/28/2022,$19.49,654539,$18.95,$19.49,$18.57
01/27/2022,$19.07,858864,$19.33,$19.60,$18.95
01/26/2022,$19.35,1771177,$19.645,$19.81,$19.19
01/25/2022,$18.97,925599,$18.79,$19.17,$18.68
01/24/2022,$19.67,1683624,$19.01,$19.73,$18.60
01/21/2022,$20.37,1389587,$21.00,$21.27,$20.36
01/20/2022,$20.86,512640,$20.99,$21.47,$20.77
01/19/2022,$20.79,804086,$21.01,$21.15,$20.77
01/18/2022,$19.92,625956,$19.98,$20.33,$19.80
01/14/2022,$20.35,896554,$20.43,$20.74,$20.19
01/13/2022,$21.55,730112,$22.94,$22.94,$21.55
01/12/2022,$23.22,335569,$23.27,$23.41,$23.10
01/11/2022,$23.22,3760393,$22.56,$23.39,$22.51
01/10/2022,$22.66,1427477,$22.64,$22.69,$22.10
01/07/2022,$24.36,434328,$24.44,$24.71,$24.07
01/06/2022,$24.68,523556,$24.27,$24.86,$24.195
01/05/2022,$24.98,412790,$25.50,$25.66,$24.97
01/04/2022,$25.65,454411,$26.67,$26.67,$25.44
01/03/2022,$26.70,281086,$26.80,$26.835,$26.32
12/31/2021,$26.32,167157,$26.09,$26.51,$26.09
12/30/2021,$26.25,213585,$26.00,$26.43,$26.00
12/29/2021,$25.95,307591,$26.08,$26.15,$25.67
12/28/2021,$26.32,300175,$26.33,$26.49,$26.27
12/27/2021,$26.39,485623,$26.12,$26.39,$26.082
12/23/2021,$25.50,470818,$25.43,$25.55,$25.365
12/22/2021,$25.70,960827,$25.30,$25.7499,$25.19
12/21/2021,$24.71,831198,$24.44,$24.73,$24.24
12/20/2021,$24.13,440217,$23.87,$24.19,$23.87
12/17/2021,$24.37,481209,$24.691,$24.73,$24.095
12/16/2021,$25.68,441942,$26.76,$26.76,$25.60
12/15/2021,$26.55,305203,$26.24,$26.65,$26.00
12/14/2021,$25.94,492771,$26.35,$26.56,$25.76
12/13/2021,$27.25,330913,$27.53,$27.6125,$27.20
12/10/2021,$27.36,232574,$27.51,$27.58,$27.19
12/09/2021,$27.67,209519,$28.08,$28.29,$27.62
12/08/2021,$28.39,288302,$28.52,$28.52,$28.28
12/07/2021,$27.78,460635,$27.41,$27.90,$27.3201
12/06/2021,$26.33,509274,$26.23,$26.55,$26.04
12/03/2021,$26.10,500101,$26.63,$26.67,$25.68
12/02/2021,$26.75,393828,$26.58,$26.91,$26.37
12/01/2021,$26.81,448797,$27.33,$27.72,$26.81
11/30/2021,$27.76,479792,$28.16,$28.38,$27.42
11/29/2021,$27.88,341656,$27.90,$27.98,$27.66
11/26/2021,$27.58,265157,$27.62,$27.71,$27.30
11/24/2021,$26.70,618841,$26.00,$26.72,$25.86
11/23/2021,$27.11,394957,$27.01,$27.37,$26.82
11/22/2021,$27.45,558220,$29.27,$29.29,$27.38
11/19/2021,$29.50,254834,$29.16,$29.69,$29.06
11/18/2021,$29.005,201603,$29.27,$29.30,$28.735
11/17/2021,$29.41,274808,$29.75,$29.86,$29.34
11/16/2021,$29.37,191235,$29.50,$29.61,$29.37
11/15/2021,$29.52,305038,$29.66,$29.77,$29.49
11/12/2021,$29.56,131402,$29.55,$29.68,$29.38
11/11/2021,$29.48,265085,$29.63,$29.67,$29.19
11/10/2021,$29.25,333650,$29.19,$29.64,$29.14
11/09/2021,$30.11,281673,$30.72,$30.72,$30.08
11/08/2021,$31.46,283869,$31.50,$31.65,$31.39
11/05/2021,$31.81,271292,$31.87,$32.00,$31.618
11/04/2021,$31.73,323556,$31.09,$31.73,$31.02
11/03/2021,$30.80,187540,$30.65,$30.80,$30.328
11/02/2021,$30.11,419259,$30.13,$30.35,$29.90
11/01/2021,$29.80,841757,$29.65,$29.85,$29.17
10/29/2021,$30.37,401228,$30.05,$30.37,$30.02
10/28/2021,$30.80,319969,$30.70,$30.835,$30.53
10/27/2021,$30.90,398936,$31.49,$31.60,$30.90
10/26/2021,$31.54,386595,$31.48,$31.645,$31.37
10/25/2021,$31.265,308681,$31.34,$31.39,$31.07
10/22/2021,$31.15,520369,$31.37,$31.43,$30.93
10/21/2021,$31.46,631624,$30.99,$31.46,$30.95
10/20/2021,$31.63,313894,$31.80,$31.80,$31.44
10/19/2021,$31.37,272993,$31.17,$31.45,$31.09
10/18/2021,$30.64,503544,$30.55,$30.70,$30.43
10/15/2021,$30.76,345643,$30.38,$30.82,$30.27
10/14/2021,$30.53,524514,$30.02,$30.65,$29.90
10/13/2021,$29.19,292317,$28.84,$29.20,$28.74
10/12/2021,$27.93,182153,$27.92,$28.06,$27.78
10/11/2021,$27.74,214684,$27.44,$28.00,$27.325
10/08/2021,$27.81,420884,$27.99,$28.01,$27.73
10/07/2021,$28.65,367176,$28.30,$28.77,$28.205
10/06/2021,$28.44,495737,$28.04,$28.47,$27.98
10/05/2021,$28.40,473367,$28.18,$28.58,$28.16
10/04/2021,$27.38,541289,$28.28,$28.33,$27.18
10/01/2021,$28.33,505877,$28.21,$28.41,$27.87
09/30/2021,$28.04,335053,$28.65,$28.77,$27.86
09/29/2021,$28.895,311761,$29.23,$29.345,$28.88
09/28/2021,$29.30,628450,$29.28,$29.39,$28.76
09/27/2021,$30.905,204314,$31.19,$31.21,$30.75
09/24/2021,$31.35,432941,$31.42,$31.55,$31.20
09/23/2021,$32.33,720352,$32.32,$32.48,$32.19
09/22/2021,$31.72,286287,$31.68,$31.93,$31.57
09/21/2021,$31.45,707841,$31.84,$31.90,$31.42
09/20/2021,$31.33,413766,$31.29,$31.52,$31.00
09/17/2021,$32.03,373784,$32.89,$32.95,$31.76
09/16/2021,$32.56,329269,$32.07,$32.58,$32.01
09/15/2021,$32.01,150424,$31.84,$32.04,$31.68
09/14/2021,$31.54,236189,$31.43,$31.71,$31.27
09/13/2021,$31.08,1015684,$31.66,$31.68,$30.93
09/10/2021,$31.60,318461,$32.22,$32.295,$31.60
09/09/2021,$31.54,333714,$31.44,$31.72,$31.37
09/08/2021,$31.30,1076449,$31.05,$31.55,$30.70
09/07/2021,$31.31,1486329,$31.69,$31.785,$31.29
09/03/2021,$31.74,563194,$31.45,$31.85,$31.36
09/02/2021,$31.87,859005,$32.16,$32.16,$31.81
09/01/2021,$31.70,1735954,$31.52,$31.84,$31.4805
08/31/2021,$32.34,648207,$32.50,$32.52,$32.14
08/30/2021,$32.39,740900,$32.30,$32.56,$32.27
08/27/2021,$32.30,1014513,$31.58,$32.36,$31.50
08/26/2021,$31.26,249453,$31.03,$31.4199,$31.00
08/25/2021,$32.00,310634,$32.05,$32.14,$31.811
08/24/2021,$32.74,372904,$34.74,$34.94,$31.95
08/23/2021,$32.025,885868,$31.735,$32.12,$31.415
08/20/2021,$30.842,421450,$30.315,$30.88,$30.31
08/19/2021,$29.525,1290304,$28.8375,$29.685,$28.74
08/18/2021,$27.91,267006,$28.02,$28.125,$27.805
08/17/2021,$27.745,199992,$27.635,$27.93,$27.59
08/16/2021,$27.86,304628,$27.7325,$27.935,$27.65
08/13/2021,$27.82,308726,$27.44,$27.825,$27.405
08/12/2021,$27.5475,251036,$27.55,$27.60,$27.28
08/11/2021,$27.5225,162124,$27.775,$27.785,$27.42
08/10/2021,$27.765,344148,$27.935,$28.055,$27.71
08/09/2021,$27.825,155984,$27.89,$27.89,$27.70
08/06/2021,$27.6625,1122186,$27.805,$27.84,$27.595
08/05/2021,$28.04,184488,$27.9575,$28.14,$27.955
08/04/2021,$27.6525,336864,$27.6575,$27.76,$27.475
08/03/2021,$27.70,207208,$27.65,$27.785,$27.47
08/02/2021,$27.3625,314740,$27.1805,$27.48,$26.965
07/30/2021,$27.115,312760,$27.515,$27.685,$27.015
07/29/2021,$28.00,326426,$27.635,$28.085,$27.635
07/28/2021,$27.60,206810,$27.085,$27.62,$26.95
07/27/2021,$26.86,378584,$27.15,$27.17,$26.7201
07/26/2021,$27.145,229396,$27.135,$27.20,$26.935
07/23/2021,$27.235,237988,$27.075,$27.28,$26.95
07/22/2021,$26.945,405624,$26.835,$27.075,$26.4095
07/21/2021,$25.8425,339380,$25.765,$25.89,$25.60
07/20/2021,$25.20,312128,$25.035,$25.285,$24.935
07/19/2021,$25.35,368524,$25.445,$25.52,$25.21
07/16/2021,$25.83,287956,$25.96,$26.105,$25.795
07/15/2021,$25.73,356304,$25.91,$26.12,$25.61
07/14/2021,$25.975,658064,$25.95,$26.015,$25.775
07/13/2021,$25.525,214602,$25.31,$25.75,$25.29
07/12/2021,$25.61,213970,$25.66,$25.705,$25.34
07/09/2021,$25.22,201310,$24.7675,$25.22,$24.7675
07/08/2021,$24.535,258400,$24.6405,$24.745,$24.435
07/07/2021,$25.00,207788,$24.915,$25.05,$24.775
07/06/2021,$24.81,196468,$24.685,$24.89,$24.675
07/02/2021,$24.755,195090,$24.6355,$24.85,$24.568
07/01/2021,$24.28,242856,$24.205,$24.42,$24.15
06/30/2021,$24.57,267406,$24.51,$24.695,$24.44
06/29/2021,$24.5225,372758,$24.575,$24.615,$24.455
06/28/2021,$24.375,383146,$24.46,$24.505,$24.2725
06/25/2021,$23.95,247588,$24.09,$24.105,$23.8601
06/24/2021,$24.175,379572,$24.3975,$24.50,$24.02
06/23/2021,$22.925,365788,$23.0075,$23.045,$22.8375
06/22/2021,$23.32,318962,$22.92,$23.325,$22.91
06/21/2021,$22.935,491308,$22.765,$22.935,$22.595
06/18/2021,$23.09,339444,$23.25,$23.36,$22.905
06/17/2021,$22.72,242678,$22.30,$22.74,$22.275
06/16/2021,$22.805,291550,$22.935,$23.04,$22.6975
06/15/2021,$23.04,498436,$23.405,$23.42,$22.9596
06/14/2021,$23.375,610998,$23.4465,$23.50,$23.25
06/11/2021,$23.275,396120,$23.285,$23.3735,$23.135
06/10/2021,$23.225,319082,$22.9375,$23.28,$22.9375
06/09/2021,$23.425,212854,$23.33,$23.485,$23.295
06/08/2021,$23.2449,223350,$23.305,$23.35,$23.10
06/07/2021,$22.965,298070,$22.78,$22.965,$22.7225
06/04/2021,$22.60,653758,$22.565,$22.75,$22.525
06/03/2021,$21.775,1546512,$22.13,$22.14,$21.77
06/02/2021,$22.655,302160,$22.66,$22.822,$22.60
06/01/2021,$23.235,348018,$23.31,$23.435,$23.08
05/28/2021,$23.15,560266,$23.11,$23.29,$23.06
05/27/2021,$23.03,319060,$22.805,$23.10,$22.7475
05/26/2021,$23.348,496968,$23.29,$23.405,$23.21
05/25/2021,$23.385,485270,$23.0325,$23.385,$22.97
05/24/2021,$22.725,228294,$22.465,$22.805,$22.465
05/21/2021,$22.45,277890,$22.705,$22.725,$22.415
05/20/2021,$21.985,925542,$21.635,$22.005,$21.58
05/19/2021,$20.96,442652,$20.745,$21.02,$20.71
05/18/2021,$21.425,552758,$21.22,$21.57,$21.14
05/17/2021,$20.605,710370,$20.51,$20.78,$20.44
05/14/2021,$20.7813,502368,$20.16,$20.83,$20.11
05/13/2021,$20.60,643902,$20.95,$21.03,$20.285
05/12/2021,$20.10,714998,$20.765,$20.865,$20.04
05/11/2021,$21.645,1123564,$21.125,$21.68,$21.1238
05/10/2021,$22.06,538546,$22.7902,$22.7902,$22.035
05/07/2021,$23.295,264858,$23.095,$23.3199,$22.985
05/06/2021,$22.68,620302,$23.215,$23.275,$22.59
05/05/2021,$23.55,476588,$23.705,$23.755,$23.39
05/04/2021,$23.33,519898,$23.765,$23.83,$23.14
05/03/2021,$24.82,505802,$24.88,$25.06,$24.75
04/30/2021,$24.65,225698,$24.825,$25.005,$24.515
04/29/2021,$25.41,255508,$25.82,$25.82,$25.175
04/28/2021,$25.15,347296,$24.8175,$25.165,$24.715
04/27/2021,$25.29,427438,$25.667,$25.69,$25.2475
04/26/2021,$25.64,428840,$25.50,$25.675,$25.4775
04/23/2021,$25.625,300102,$25.07,$25.645,$25.055
04/22/2021,$24.7875,255280,$24.845,$25.065,$24.625
04/21/2021,$24.345,236094,$23.885,$24.405,$23.885
04/20/2021,$24.06,257546,$24.115,$24.22,$23.825
04/19/2021,$24.05,288590,$24.01,$24.08,$23.70
04/16/2021,$24.275,433216,$24.05,$24.28,$24.05
04/15/2021,$24.175,351402,$23.95,$24.205,$23.92
04/14/2021,$23.755,384290,$23.995,$23.995,$23.685
04/13/2021,$23.9425,287750,$23.805,$23.96,$23.7263
04/12/2021,$23.35,227446,$23.47,$23.47,$23.18
04/09/2021,$23.725,241570,$23.65,$23.90,$23.54
04/08/2021,$23.685,302702,$23.72,$23.875,$23.54
04/07/2021,$23.875,443466,$23.545,$23.96,$23.53
04/06/2021,$23.57,460062,$23.515,$23.645,$23.285
04/05/2021,$24.065,442936,$23.80,$24.095,$23.60
04/01/2021,$23.545,445114,$22.9185,$23.545,$22.905
03/31/2021,$22.365,1976092,$22.295,$22.50,$22.19
03/30/2021,$21.925,327042,$21.69,$22.11,$21.595
03/29/2021,$22.015,309670,$22.15,$22.175,$21.82
03/26/2021,$22.43,301124,$22.20,$22.45,$22.175
03/25/2021,$21.95,602412,$21.75,$21.99,$21.625
03/24/2021,$22.24,1088220,$22.80,$22.80,$22.215
03/23/2021,$22.975,252656,$23.15,$23.185,$22.75
03/22/2021,$22.915,256650,$22.905,$23.05,$22.875
03/19/2021,$22.875,373944,$22.7375,$22.93,$22.53
03/18/2021,$22.15,469204,$22.72,$22.83,$22.075
03/17/2021,$23.535,381786,$23.105,$23.55,$22.9075
03/16/2021,$23.675,377510,$23.84,$23.975,$23.53
03/15/2021,$23.625,326642,$23.495,$23.705,$23.391
03/12/2021,$23.385,330732,$23.03,$23.385,$22.95
03/11/2021,$23.85,595244,$23.63,$23.9737,$23.4403
03/10/2021,$22.445,693720,$22.785,$22.825,$22.41
03/09/2021,$23.145,639070,$22.8165,$23.25,$22.805
03/08/2021,$21.50,674228,$21.949,$22.185,$21.50
03/05/2021,$22.20,914228,$22.47,$22.47,$21.505
03/04/2021,$22.075,1058176,$22.62,$22.80,$21.625
03/03/2021,$22.88,666448,$23.26,$23.35,$22.815
03/02/2021,$23.64,465722,$23.69,$23.75,$23.355
03/01/2021,$23.76,568620,$23.0615,$23.825,$23.05
02/26/2021,$23.40,520312,$23.255,$23.45,$22.935
02/25/2021,$22.85,661810,$23.945,$24.025,$22.75
02/24/2021,$24.30,636014,$23.925,$24.385,$23.68
02/23/2021,$24.225,1431860,$23.9675,$24.25,$23.655
02/22/2021,$25.50,686692,$26.315,$26.425,$25.35
02/19/2021,$26.85,493942,$26.61,$27.00,$26.535
02/18/2021,$26.445,636978,$26.255,$26.48,$26.145
02/17/2021,$26.30,838722,$26.355,$26.405,$25.885
02/16/2021,$26.745,592772,$26.495,$27.50,$26.2975
02/12/2021,$26.745,481108,$26.60,$26.75,$26.405
02/11/2021,$26.535,1058534,$26.51,$26.695,$26.16
02/10/2021,$25.45,2066468,$25.295,$25.505,$24.825
02/09/2021,$23.55,631324,$22.87,$23.60,$22.855
02/08/2021,$22.92,754376,$22.899,$22.975,$22.75
02/05/2021,$22.83,783710,$22.65,$22.90,$22.53
02/04/2021,$22.915,612550,$22.73,$22.99,$22.64
02/03/2021,$22.20,620902,$21.855,$22.245,$21.545
02/02/2021,$21.925,503888,$21.69,$22.00,$21.65
02/01/2021,$21.62,497572,$21.235,$21.6249,$21.215
01/29/2021,$20.935,527506,$21.0515,$21.085,$20.75
01/28/2021,$21.41,598646,$21.69,$21.69,$21.275
01/27/2021,$21.425,574380,$21.22,$21.65,$20.995
01/26/2021,$22.585,757954,$22.725,$22.84,$22.525
01/25/2021,$23.025,825756,$23.215,$23.25,$22.60
01/22/2021,$23.55,735292,$23.105,$23.575,$23.05
01/21/2021,$23.47,551482,$23.15,$23.47,$23.03
01/20/2021,$22.925,481844,$22.5825,$22.94,$22.5125
01/19/2021,$21.815,478270,$21.625,$21.815,$21.544
01/15/2021,$21.73,465392,$21.555,$21.765,$21.50
01/14/2021,$21.665,590642,$21.59,$21.7712,$21.42
01/13/2021,$21.825,506514,$21.535,$21.855,$21.52
01/12/2021,$21.53,380932,$21.32,$21.55,$21.285
01/11/2021,$21.30,456968,$21.285,$21.35,$21.135
01/08/2021,$21.725,768112,$21.3215,$21.725,$21.125
01/07/2021,$20.95,1311034,$21.0715,$21.20,$20.85
01/06/2021,$21.375,2294804,$21.155,$21.555,$21.0625
01/05/2021,$22.685,555854,$22.455,$22.705,$22.275
01/04/2021,$22.75,413254,$23.07,$23.07,$22.50
12/31/2020,$23.20,734716,$23.70,$23.70,$23.07
12/30/2020,$23.425,972456,$23.4525,$23.5787,$23.275
12/29/2020,$23.685,376478,$23.749,$23.88,$23.505
12/28/2020,$23.70,598136,$24.14,$24.14,$23.55
12/24/2020,$24.105,267684,$24.25,$24.25,$24.00
12/23/2020,$23.90,371502,$23.9975,$24.015,$23.7325
12/22/2020,$23.565,451646,$23.605,$23.82,$23.53
12/21/2020,$23.53,921016,$22.985,$23.66,$22.852
12/18/2020,$23.8175,777366,$23.76,$24.07,$23.7225
12/17/2020,$23.24,583456,$23.28,$23.605,$23.185
12/16/2020,$23.05,500986,$22.7385,$23.125,$22.573
12/15/2020,$22.77,460466,$22.5938,$22.85,$22.5025
12/14/2020,$22.42,565926,$22.36,$22.47,$22.312
12/11/2020,$22.365,448974,$21.965,$22.395,$21.955
12/10/2020,$21.325,410748,$21.03,$21.485,$20.9725
12/09/2020,$21.084,818700,$21.035,$21.17,$20.975
12/08/2020,$21.07,593646,$20.84,$21.17,$20.7175
12/07/2020,$20.55,535014,$20.37,$20.575,$20.25
12/04/2020,$20.20,297364,$19.885,$20.325,$19.87
12/03/2020,$20.03,422050,$19.965,$20.145,$19.945
12/02/2020,$19.70,368580,$19.594,$19.755,$19.445
12/01/2020,$19.545,586502,$19.315,$19.565,$19.1575
11/30/2020,$19.14,321930,$19.61,$19.67,$19.14
11/27/2020,$19.385,179296,$19.06,$19.47,$19.03
11/25/2020,$18.635,515536,$18.37,$18.635,$18.33
11/24/2020,$18.525,501030,$18.40,$18.58,$18.2601
11/23/2020,$19.075,248020,$19.13,$19.13,$18.875
11/20/2020,$19.25,359224,$18.98,$19.265,$18.8601
11/19/2020,$19.04,324968,$18.845,$19.055,$18.735
11/18/2020,$18.805,416236,$19.08,$19.10,$18.79
11/17/2020,$19.405,340640,$19.385,$19.57,$19.18
11/16/2020,$19.30,346208,$19.10,$19.445,$19.07
11/13/2020,$19.4625,331398,$19.465,$19.57,$19.3175
11/12/2020,$19.275,1465462,$19.545,$19.63,$18.995
11/11/2020,$19.485,244514,$19.0715,$19.50,$19.045
11/10/2020,$18.465,373122,$18.855,$18.855,$18.085
11/09/2020,$18.775,442508,$18.325,$18.905,$18.105
11/06/2020,$19.29,543336,$19.005,$19.315,$18.88
11/05/2020,$19.195,422942,$19.06,$19.225,$18.9925
11/04/2020,$19.05,268526,$18.47,$19.20,$18.47
11/03/2020,$17.925,243186,$17.50,$17.98,$17.47
11/02/2020,$17.10,513286,$17.075,$17.225,$16.855
10/30/2020,$16.795,517176,$17.3055,$17.375,$16.675
10/29/2020,$17.775,504512,$17.825,$17.95,$17.50
10/28/2020,$17.625,805816,$18.03,$19.05,$17.535
10/27/2020,$18.60,711008,$18.665,$18.83,$18.525
10/26/2020,$18.2075,556134,$18.355,$18.515,$18.125
10/23/2020,$18.79,152450,$18.7675,$18.825,$18.4587
10/22/2020,$18.565,249620,$18.755,$18.80,$18.405
10/21/2020,$18.9225,154288,$18.845,$19.105,$18.775
10/20/2020,$18.89,330612,$19.02,$19.075,$18.75
10/19/2020,$19.155,217230,$19.2625,$19.325,$19.055
10/16/2020,$19.15,268692,$19.516,$19.52,$19.00
10/15/2020,$19.55,401438,$19.259,$19.555,$19.0425
10/14/2020,$19.75,361622,$19.975,$19.98,$19.66
10/13/2020,$20.18,579576,$20.19,$20.31,$19.90
10/12/2020,$20.54,685060,$20.44,$20.675,$20.37
10/09/2020,$20.09,1093590,$19.705,$20.22,$19.67
10/08/2020,$19.875,6645012,$19.205,$19.975,$19.165
10/07/2020,$19.19,1231408,$18.96,$19.20,$18.91
10/06/2020,$18.75,1186220,$18.815,$19.08,$18.68
10/05/2020,$19.316,1112380,$19.1125,$19.345,$19.1125
10/02/2020,$18.85,1457516,$18.735,$18.925,$18.64
10/01/2020,$18.89,1478676,$18.67,$18.935,$18.585
09/30/2020,$18.525,2544332,$18.5005,$18.6225,$18.3875
09/29/2020,$18.885,1882826,$18.795,$19.00,$18.7075
09/28/2020,$18.65,2229824,$18.7525,$18.775,$18.575
09/25/2020,$18.775,8526982,$18.3875,$20.00,$18.25
09/24/2020,$18.47,322404,$18.3825,$18.655,$18.155
09/23/2020,$18.135,603766,$18.555,$18.605,$18.135
09/22/2020,$18.6749,985508,$18.41,$18.705,$18.2575
09/21/2020,$18.005,1376312,$17.8263,$18.06,$17.57
09/18/2020,$17.96,742826,$17.67,$18.105,$17.645
09/17/2020,$17.02,1065834,$16.86,$17.19,$16.845
09/16/2020,$16.92,838088,$17.155,$17.20,$16.8925
09/15/2020,$16.5601,176818,$16.58,$16.64,$16.515
09/14/2020,$16.525,300138,$16.385,$16.58,$16.3175
09/11/2020,$16.25,550128,$16.25,$16.345,$16.10
09/10/2020,$16.07,560704,$16.0025,$16.445,$16.00
09/09/2020,$15.955,342270,$15.90,$16.01,$15.75
09/08/2020,$15.485,577530,$15.115,$15.62,$15.085
09/04/2020,$15.7525,656316,$15.75,$15.80,$15.1425
09/03/2020,$15.73,585206,$16.47,$16.47,$15.65
09/02/2020,$17.045,305716,$17.00,$17.08,$16.7875
09/01/2020,$16.9025,424240,$17.005,$17.01,$16.90
08/31/2020,$16.9125,575356,$16.83,$16.985,$16.80
08/28/2020,$16.91,318884,$16.90,$16.915,$16.755
08/27/2020,$17.365,502436,$17.635,$17.635,$17.09
08/26/2020,$17.5225,393286,$17.11,$17.565,$17.075
08/25/2020,$16.83,254070,$16.585,$16.85,$16.545
08/24/2020,$16.3349,495806,$16.51,$16.62,$16.225
08/21/2020,$16.245,876880,$15.8025,$16.265,$15.75
08/20/2020,$16.45,431714,$16.5425,$16.95,$16.355
08/19/2020,$17.20,188780,$17.45,$17.494,$17.20
08/18/2020,$17.315,125098,$17.30,$17.365,$17.165
08/17/2020,$17.14,128514,$16.91,$17.31,$16.875
08/14/2020,$16.76,143388,$16.775,$16.88,$16.68
08/13/2020,$17.195,411294,$16.935,$17.275,$16.91
08/12/2020,$16.7625,483442,$16.5008,$16.8023,$16.48
08/11/2020,$16.375,181644,$16.6425,$16.70,$16.355
08/10/2020,$16.88,191934,$17.075,$17.075,$16.705
08/07/2020,$17.61,173616,$17.605,$17.655,$17.505
08/06/2020,$17.505,204282,$17.70,$17.76,$17.475
08/05/2020,$17.5025,205020,$17.335,$17.625,$17.335
08/04/2020,$17.00,263202,$16.77,$17.065,$16.68
08/03/2020,$17.24,594810,$16.98,$17.30,$16.94
07/31/2020,$16.93,359996,$16.92,$16.95,$16.64
07/30/2020,$16.705,393798,$16.08,$16.715,$16.015
07/29/2020,$16.82,405486,$16.42,$16.835,$16.375
07/28/2020,$16.205,217374,$16.07,$16.275,$15.955
07/27/2020,$16.41,206888,$16.30,$16.56,$16.23
07/24/2020,$15.75,427392,$15.77,$15.875,$15.59
07/23/2020,$16.535,215368,$16.49,$16.72,$16.465
07/22/2020,$16.565,297208,$16.445,$16.58,$16.375
07/21/2020,$16.255,384084,$16.555,$16.565,$16.185
07/20/2020,$16.475,421464,$16.31,$16.52,$16.25
07/17/2020,$16.12,154024,$16.0325,$16.14,$15.9575
07/16/2020,$15.5425,270364,$15.525,$15.705,$15.4888
07/15/2020,$15.7575,231668,$15.9275,$15.935,$15.725
07/14/2020,$15.505,288404,$15.38,$15.55,$15.275
07/13/2020,$15.645,278516,$15.80,$15.985,$15.64
07/10/2020,$15.685,324886,$15.738,$15.738,$15.55
07/09/2020,$15.85,257364,$16.0465,$16.092,$15.705
07/08/2020,$16.095,258464,$15.965,$16.095,$15.80
07/07/2020,$15.79,243586,$15.705,$15.92,$15.69
07/06/2020,$15.65,492574,$15.32,$15.695,$15.313
07/02/2020,$15.095,330290,$14.9125,$15.125,$14.90
07/01/2020,$14.925,377974,$14.60,$14.94,$14.54
06/30/2020,$14.625,3118706,$14.365,$14.645,$14.365
06/29/2020,$14.65,349774,$14.815,$14.815,$14.53
06/26/2020,$14.5025,255466,$14.635,$14.68,$14.4075
06/25/2020,$14.55,235622,$14.405,$14.58,$14.2775
06/24/2020,$14.205,217614,$14.605,$14.6255,$14.105
06/23/2020,$14.70,278212,$14.925,$14.925,$14.70
06/22/2020,$14.575,176154,$14.485,$14.605,$14.377
06/19/2020,$14.26,234448,$14.395,$14.485,$14.135
06/18/2020,$14.29,505040,$14.385,$14.405,$14.2025
06/17/2020,$14.38,172396,$14.165,$14.455,$14.165
06/16/2020,$14.035,216530,$14.0425,$14.07,$13.9138
06/15/2020,$13.875,175738,$13.52,$13.905,$13.495
06/12/2020,$13.455,272912,$13.54,$13.5575,$13.15
06/11/2020,$13.3808,204288,$13.695,$13.73,$13.38
06/10/2020,$13.60,266046,$13.355,$13.675,$13.29
06/09/2020,$13.035,324770,$12.96,$13.175,$12.85
06/08/2020,$13.105,895820,$12.825,$13.105,$12.75
06/05/2020,$13.02,1586520,$13.00,$13.09,$12.925
06/04/2020,$13.385,202112,$13.3015,$13.535,$13.24
06/03/2020,$13.58,225160,$13.415,$13.5895,$13.395
06/02/2020,$13.495,1439124,$13.4575,$13.57,$13.42
06/01/2020,$13.42,385088,$13.079,$13.42,$13.05
05/29/2020,$13.1025,321552,$12.855,$13.14,$12.715
05/28/2020,$12.40,207896,$12.29,$12.555,$12.22
05/27/2020,$11.9391,252942,$11.72,$11.97,$11.593
05/26/2020,$12.175,446244,$12.4075,$12.415,$12.17
05/22/2020,$12.535,1042224,$12.0775,$12.62,$12.0775
05/21/2020,$11.8475,105006,$11.9625,$11.98,$11.735
05/20/2020,$11.955,256880,$11.76,$11.99,$11.745
05/19/2020,$11.47,147730,$11.20,$11.565,$11.18
05/18/2020,$11.40,220194,$11.22,$11.43,$11.16
05/15/2020,$10.687,200440,$10.7549,$10.82,$10.5875
05/14/2020,$10.655,152102,$10.485,$10.74,$10.475
05/13/2020,$10.94,264836,$11.19,$11.3184,$10.93
05/12/2020,$10.6203,312456,$10.60,$10.745,$10.47
05/11/2020,$10.78,172316,$10.73,$11.01,$10.7151
05/08/2020,$10.6425,191672,$10.56,$10.755,$10.545
05/07/2020,$10.31,275186,$10.165,$10.395,$10.12
05/06/2020,$10.20,262740,$10.245,$10.3975,$10.19
05/05/2020,$9.91,432578,$9.945,$10.18,$9.90
05/04/2020,$9.87,592286,$9.50,$9.875,$9.50
05/01/2020,$9.595,178452,$9.425,$10.00,$9.425
04/30/2020,$9.87,457692,$9.905,$9.9113,$9.715
04/29/2020,$9.625,104506,$9.549,$9.65,$9.535
04/28/2020,$9.45,277962,$9.4845,$9.60,$9.4105
04/27/2020,$9.6695,204018,$9.4625,$9.6695,$9.45
04/24/2020,$9.45,154460,$9.385,$9.505,$9.3313
04/23/2020,$9.1475,188056,$9.089,$9.36,$9.005
04/22/2020,$9.20,205512,$9.23,$9.23,$9.055
04/21/2020,$9.475,240214,$9.209,$9.50,$9.205
04/20/2020,$8.6825,258770,$8.625,$8.855,$8.495
04/17/2020,$8.65,188490,$8.48,$8.675,$8.34
04/16/2020,$8.28,265714,$8.495,$8.54,$8.25
04/15/2020,$8.536,235578,$8.325,$8.695,$8.2525
04/14/2020,$8.5188,1375312,$8.66,$8.70,$8.46
04/13/2020,$8.54,257776,$8.25,$8.815,$8.25
04/09/2020,$8.455,157862,$8.55,$8.72,$8.335
04/08/2020,$8.515,225320,$8.395,$8.52,$8.35
04/07/2020,$8.25,150728,$8.36,$8.495,$8.095
04/06/2020,$8.06,271468,$7.794,$8.06,$7.79
04/03/2020,$7.505,1356674,$7.58,$7.59,$7.365
04/02/2020,$8.125,2558292,$8.0155,$8.15,$7.915
04/01/2020,$8.05,299776,$8.015,$8.17,$8.01
03/31/2020,$8.565,874532,$8.385,$8.6375,$8.22
03/30/2020,$8.725,3758170,$8.55,$8.8349,$8.42
03/27/2020,$8.835,1938522,$8.485,$8.945,$8.45
03/26/2020,$8.455,5307102,$8.09,$8.62,$8.09
03/25/2020,$7.9875,615860,$7.785,$8.155,$7.73
03/24/2020,$7.80,382028,$7.715,$7.92,$7.58
03/23/2020,$7.53,320854,$7.73,$7.765,$7.43
03/20/2020,$7.785,251524,$7.835,$8.25,$7.62
03/19/2020,$7.525,4676170,$7.499,$7.835,$7.3405
03/18/2020,$7.5575,339574,$7.27,$7.82,$7.13
03/17/2020,$8.17,214278,$7.855,$8.3295,$7.665
03/16/2020,$7.945,330936,$7.585,$8.10,$7.50
03/13/2020,$8.425,221192,$8.36,$8.665,$8.035
03/12/2020,$7.845,181224,$7.819,$8.25,$7.66
03/11/2020,$8.335,168728,$8.359,$8.57,$8.20
03/10/2020,$8.83,125808,$8.7975,$8.92,$8.525
03/09/2020,$8.75,234102,$8.625,$8.87,$8.505
03/06/2020,$9.015,460824,$9.065,$9.22,$8.995
03/05/2020,$9.05,588222,$9.21,$9.25,$9.0355
03/04/2020,$9.175,2454532,$9.005,$9.255,$8.9325
03/03/2020,$9.16,797622,$9.03,$9.275,$8.955
03/02/2020,$8.80,395306,$8.73,$8.865,$8.64
02/28/2020,$8.78,773336,$8.495,$8.915,$8.48
02/27/2020,$8.7925,953842,$8.56,$8.9225,$8.545
02/26/2020,$8.675,789178,$8.785,$8.865,$8.5925
02/25/2020,$8.87,822212,$9.01,$9.01,$8.745
02/24/2020,$9.00,741218,$8.9265,$9.055,$8.905
02/21/2020,$9.385,150374,$9.505,$9.505,$9.325
02/20/2020,$9.495,52806,$9.575,$9.5925,$9.375
02/19/2020,$9.685,60388,$9.6925,$9.70,$9.635
02/18/2020,$9.6349,74842,$9.535,$9.645,$9.5275
02/14/2020,$9.565,50180,$9.51,$9.62,$9.5075
02/13/2020,$9.5025,52420,$9.4012,$9.57,$9.3938
02/12/2020,$9.69,65312,$9.625,$9.71,$9.58
02/11/2020,$9.665,57134,$9.665,$9.705,$9.55
02/10/2020,$9.525,121560,$9.49,$9.525,$9.47
02/07/2020,$9.5425,143442,$9.52,$9.57,$9.50
02/06/2020,$9.70,89472,$9.61,$9.755,$9.575
02/05/2020,$9.7875,1728212,$9.705,$9.85,$9.67
02/04/2020,$9.575,1259800,$9.46,$9.585,$9.455
02/03/2020,$9.45,785790,$9.335,$9.485,$9.335
01/31/2020,$9.1775,87692,$9.25,$9.25,$9.155
01/30/2020,$9.22,789638,$9.165,$9.22,$9.14
01/29/2020,$9.2525,2452314,$9.205,$9.29,$9.20
01/28/2020,$9.16,448012,$9.025,$9.16,$9.0025
01/27/2020,$8.95,1371732,$9.015,$9.03,$8.935
01/24/2020,$9.175,4090192,$9.275,$9.275,$9.17
01/23/2020,$9.07,4830774,$8.97,$9.08,$8.96
01/22/2020,$8.925,58630,$8.865,$8.925,$8.865
01/21/2020,$8.785,62178,$8.7325,$8.785,$8.6875
01/17/2020,$8.64,71186,$8.735,$8.735,$8.60
01/16/2020,$8.72,60230,$8.735,$8.735,$8.605
01/15/2020,$8.54,35750,$8.54,$8.58,$8.5055
01/14/2020,$8.45,37504,$8.45,$8.50,$8.41
01/13/2020,$8.4475,38898,$8.355,$8.485,$8.355
01/10/2020,$8.325,49778,$8.335,$8.395,$8.3005
01/09/2020,$8.31,37572,$8.33,$8.385,$8.235
01/08/2020,$8.285,416170,$8.25,$8.285,$8.175
01/07/2020,$8.30,747540,$8.335,$8.335,$8.2287
01/06/2020,$8.315,271118,$8.30,$8.315,$8.20
01/03/2020,$8.36,174750,$8.17,$8.38,$8.139
01/02/2020,$8.415,31066,$8.3575,$8.43,$8.295
12/31/2019,$8.2323,178442,$8.35,$8.35,$8.1801
12/30/2019,$8.20,322534,$8.1875,$8.295,$8.125
12/27/2019,$8.2775,14982,$8.275,$8.335,$8.245
12/26/2019,$8.30,63180,$8.30,$8.30,$8.225
12/24/2019,$8.225,8144,$8.2565,$8.30,$8.2125
12/23/2019,$8.13,43232,$8.10,$8.19,$8.075
12/20/2019,$8.22,32160,$8.345,$8.345,$8.17
12/19/2019,$8.195,186042,$8.30,$8.30,$8.1425
12/18/2019,$8.18,1185302,$8.09,$8.215,$8.09
12/17/2019,$8.005,20148,$8.0175,$8.135,$8.00
12/16/2019,$7.935,35344,$7.89,$7.97,$7.86
12/13/2019,$7.8937,966012,$7.905,$7.925,$7.8238
12/12/2019,$7.8675,38178,$7.90,$7.90,$7.725
12/11/2019,$7.675,17566,$7.60,$7.675,$7.5963
12/10/2019,$7.725,19600,$7.645,$7.75,$7.6225
12/09/2019,$7.71,18844,$7.75,$7.805,$7.675
12/06/2019,$7.815,29762,$7.90,$7.90,$7.7875
12/05/2019,$7.92,21038,$7.835,$7.925,$7.775
12/04/2019,$7.75,9374,$7.87,$7.88,$7.75
12/03/2019,$7.775,24560,$7.615,$7.775,$7.615
12/02/2019,$7.605,14568,$7.615,$7.615,$7.535
11/29/2019,$7.75,6962,$7.70,$7.75,$7.675
11/27/2019,$7.665,18416,$7.55,$7.665,$7.54
11/26/2019,$7.525,24242,$7.56,$7.57,$7.51
11/25/2019,$7.325,36410,$7.375,$7.41,$7.27
11/22/2019,$7.32,47868,$7.32,$7.33,$7.316
11/21/2019,$7.335,938524,$7.32,$7.355,$7.3044
11/20/2019,$7.35,123026,$7.32,$7.365,$7.275
11/19/2019,$7.275,7048,$7.26,$7.275,$7.2337
11/18/2019,$7.2249,11600,$7.15,$7.225,$7.07
11/15/2019,$7.21,12968,$7.19,$7.21,$7.11
11/14/2019,$7.22,109578,$7.14,$7.24,$7.14
11/13/2019,$7.0595,13564,$7.1025,$7.1449,$7.0595
11/12/2019,$7.0475,10520,$7.045,$7.09,$7.045
11/11/2019,$7.145,26238,$7.145,$7.145,$7.0888
11/08/2019,$6.9852,13328,$7.00,$7.085,$6.9852
11/07/2019,$7.13,20218,$7.095,$7.15,$7.055
11/06/2019,$7.205,9426,$7.225,$7.225,$7.205
11/05/2019,$7.15,13116,$7.15,$7.15,$7.0815
11/04/2019,$7.20,8790,$7.145,$7.20,$7.145
11/01/2019,$7.135,3616,$7.115,$7.135,$7.0637
10/31/2019,$7.07,13648,$7.06,$7.0845,$7.015
10/30/2019,$7.035,29038,$6.995,$7.125,$6.995
10/29/2019,$7.0825,17682,$7.075,$7.135,$7.075
10/28/2019,$7.05,10598,$6.9875,$7.05,$6.9875
10/25/2019,$7.045,15788,$6.95,$7.045,$6.9225
10/24/2019,$6.8625,9300,$6.755,$6.875,$6.755
10/23/2019,$6.75,243214,$6.75,$6.75,$6.7125
10/22/2019,$6.7625,614440,$6.85,$6.85,$6.7625
10/21/2019,$6.945,606842,$6.95,$6.97,$6.9063
10/18/2019,$6.9375,623418,$6.995,$6.995,$6.89
10/17/2019,$7.015,18510,$7.12,$7.12,$6.96
10/16/2019,$7.0325,7220,$7.08,$7.0999,$7.0137
10/15/2019,$7.195,7952,$7.135,$7.21,$7.075
10/14/2019,$7.065,21214,$7.06,$7.065,$7.005
10/11/2019,$7.08,883242,$7.0084,$7.175,$7.0084
10/10/2019,$6.895,755082,$6.7625,$6.92,$6.7002
10/09/2019,$6.66,672088,$6.60,$6.70,$6.561
10/08/2019,$6.65,755556,$7.70,$7.70,$6.45
10/07/2019,$7.725,1592786,$6.675,$7.725,$6.5926
10/04/2019,$6.4024,46700,$6.575,$6.65,$6.4024
10/03/2019,$6.3148,400000,$6.3148,$6.3148,$6.3148
10/02/2019,$6.239,N/A,$6.239,$6.239,$6.239
10/01/2019,$6.498,N/A,$6.498,$6.498,$6.498
09/30/2019,$6.589,N/A,$6.589,$6.589,$6.589
09/27/2019,$6.7765,N/A,$6.7765,$6.7765,$6.7765
09/26/2019,$6.729,N/A,$6.729,$6.729,$6.729
09/25/2019,$6.7305,N/A,$6.7305,$6.7305,$6.7305
09/24/2019,$6.792,N/A,$6.792,$6.792,$6.792
